TENANT_ID,TABLE_SCHEM,TABLE_NAME,COLUMN_NAME,COLUMN_FAMILY,TABLE_SEQ_NUM,TABLE_TYPE,PK_NAME,COLUMN_COUNT,SALT_BUCKETS,DATA_TABLE_NAME,INDEX_STATE,IMMUTABLE_ROWS,VIEW_STATEMENT,DEFAULT_COLUMN_FAMILY,DISABLE_WAL,MULTI_TENANT,VIEW_TYPE,VIEW_INDEX_ID,DATA_TYPE,COLUMN_SIZE,DECIMAL_DIGITS,NULLABLE,ORDINAL_POSITION,SORT_ORDER,ARRAY_SIZE,VIEW_CONSTANT,IS_VIEW_REFERENCED,KEY_SEQ,LINK_TYPE,TYPE_NAME,REMARKS,SELF_REFERENCING_COL_NAME,REF_GENERATION,BUFFER_LENGTH,NUM_PREC_RADIX,COLUMN_DEF,SQL_DATA_TYPE,SQL_DATETIME_SUB,CHAR_OCTET_LENGTH,IS_NULLABLE,SCOPE_CATALOG,SCOPE_SCHEMA,SCOPE_TABLE,SOURCE_DATA_TYPE,IS_AUTOINCREMENT,INDEX_TYPE,INDEX_DISABLE_TIMESTAMP,STORE_NULLS,BASE_COLUMN_COUNT,IS_ROW_TIMESTAMP,TRANSACTIONAL,UPDATE_CACHE_FREQUENCY,IS_NAMESPACE_MAPPED,AUTO_PARTITION_SEQ,APPEND_ONLY_SCHEMA,GUIDE_POSTS_WIDTH,COLUMN_QUALIFIER,IMMUTABLE_STORAGE_SCHEME,ENCODING_SCHEME,QUALIFIER_COUNTER,USE_STATS_FOR_PARALLELIZATION
,,BGALLSALES,,,0,u,,41,20,,,false,,,false,false,,,,,,,,,,,,,,,,,,,,,,,,,,,,,,,,false,-1,,false,0,false,,false,,,1,0,,
,,BGALLSALES,ADMSITE_CODE,0,,,,,,,,,,,,,,,12,,,1,5,2,,,false,,,,,,,,,,,,,,,,,,,,,,,false,,,,,,,,,,,
,,BGALLSALES,BARCODE,0,,,,,,,,,,,,,,,12,,,1,27,2,,,false,,,,,,,,,,,,,,,,,,,,,,,false,,,,,,,,,,,
,,BGALLSALES,BASICAMT,0,,,,,,,,,,,,,,,6,,,1,38,2,,,false,,,,,,,,,,,,,,,,,,,,,,,false,,,,,,,,,,,
,,BGALLSALES,BILLDATE,0,,,,,,,,,,,,,,,93,,,1,25,2,,,false,,,,,,,,,,,,,,,,,,,,,,,false,,,,,,,,,,,
,,BGALLSALES,BILLDISCOUNTAMT,0,,,,,,,,,,,,,,,6,,,1,20,2,,,false,,,,,,,,,,,,,,,,,,,,,,,false,,,,,,,,,,,
,,BGALLSALES,BILLDISCOUNTNAME,0,,,,,,,,,,,,,,,12,,,1,17,2,,,false,,,,,,,,,,,,,,,,,,,,,,,false,,,,,,,,,,,
,,BGALLSALES,BILLMONTH,0,,,,,,,,,,,,,,,12,,,1,30,2,,,false,,,,,,,,,,,,,,,,,,,,,,,false,,,,,,,,,,,
,,BGALLSALES,BILLNO,0,,,,,,,,,,,,,,,12,,,1,23,2,,,false,,,,,,,,,,,,,,,,,,,,,,,false,,,,,,,,,,,
,,BGALLSALES,BILLQTR,0,,,,,,,,,,,,,,,12,,,1,14,2,,,false,,,,,,,,,,,,,,,,,,,,,,,false,,,,,,,,,,,
,,BGALLSALES,BILLWEEK,0,,,,,,,,,,,,,,,12,,,1,28,2,,,false,,,,,,,,,,,,,,,,,,,,,,,false,,,,,,,,,,,
,,BGALLSALES,BILLYEAR,0,,,,,,,,,,,,,,,12,,,1,16,2,,,false,,,,,,,,,,,,,,,,,,,,,,,false,,,,,,,,,,,
,,BGALLSALES,CART_ID,0,,,,,,,,,,,,,,,12,,,1,33,2,,,false,,,,,,,,,,,,,,,,,,,,,,,false,,,,,,,,,,,
,,BGALLSALES,CAT1,0,,,,,,,,,,,,,,,12,,,1,6,2,,,false,,,,,,,,,,,,,,,,,,,,,,,false,,,,,,,,,,,
,,BGALLSALES,CAT2,0,,,,,,,,,,,,,,,12,,,1,7,2,,,false,,,,,,,,,,,,,,,,,,,,,,,false,,,,,,,,,,,
,,BGALLSALES,CAT3,0,,,,,,,,,,,,,,,12,,,1,8,2,,,false,,,,,,,,,,,,,,,,,,,,,,,false,,,,,,,,,,,
,,BGALLSALES,CAT4,0,,,,,,,,,,,,,,,12,,,1,9,2,,,false,,,,,,,,,,,,,,,,,,,,,,,false,,,,,,,,,,,
,,BGALLSALES,CAT5,0,,,,,,,,,,,,,,,12,,,1,10,2,,,false,,,,,,,,,,,,,,,,,,,,,,,false,,,,,,,,,,,
,,BGALLSALES,CAT6,0,,,,,,,,,,,,,,,12,,,1,11,2,,,false,,,,,,,,,,,,,,,,,,,,,,,false,,,,,,,,,,,
,,BGALLSALES,CAT7,0,,,,,,,,,,,,,,,12,,,1,12,2,,,false,,,,,,,,,,,,,,,,,,,,,,,false,,,,,,,,,,,
,,BGALLSALES,CAT8,0,,,,,,,,,,,,,,,12,,,1,13,2,,,false,,,,,,,,,,,,,,,,,,,,,,,false,,,,,,,,,,,
,,BGALLSALES,DEPARTMENT,0,,,,,,,,,,,,,,,12,,,1,22,2,,,false,,,,,,,,,,,,,,,,,,,,,,,false,,,,,,,,,,,
,,BGALLSALES,DIVISION,0,,,,,,,,,,,,,,,12,,,1,24,2,,,false,,,,,,,,,,,,,,,,,,,,,,,false,,,,,,,,,,,
,,BGALLSALES,ESP,0,,,,,,,,,,,,,,,6,,,1,26,2,,,false,,,,,,,,,,,,,,,,,,,,,,,false,,,,,,,,,,,
,,BGALLSALES,GROSSAMT,0,,,,,,,,,,,,,,,6,,,1,37,2,,,false,,,,,,,,,,,,,,,,,,,,,,,false,,,,,,,,,,,
,,BGALLSALES,ICODE,0,,,,,,,,,,,,,,,12,,,1,29,2,,,false,,,,,,,,,,,,,,,,,,,,,,,false,,,,,,,,,,,
,,BGALLSALES,ID,,,,,,,,,,,,,,,,12,,,0,1,2,,,false,1,,,,,,,,,,,,,,,,,,,,,,false,,,,,,,,,,,
,,BGALLSALES,ITEMDISCOUNTAMT,0,,,,,,,,,,,,,,,6,,,1,39,2,,,false,,,,,,,,,,,,,,,,,,,,,,,false,,,,,,,,,,,
,,BGALLSALES,ITEMDISCOUNTNAME,0,,,,,,,,,,,,,,,12,,,1,15,2,,,false,,,,,,,,,,,,,,,,,,,,,,,false,,,,,,,,,,,
,,BGALLSALES,LOYALTYDISCOUNTAMT,0,,,,,,,,,,,,,,,6,,,1,21,2,,,false,,,,,,,,,,,,,,,,,,,,,,,false,,,,,,,,,,,
,,BGALLSALES,MRP,0,,,,,,,,,,,,,,,6,,,1,34,2,,,false,,,,,,,,,,,,,,,,,,,,,,,false,,,,,,,,,,,
,,BGALLSALES,MRPAMT,0,,,,,,,,,,,,,,,6,,,1,3,2,,,false,,,,,,,,,,,,,,,,,,,,,,,false,,,,,,,,,,,
,,BGALLSALES,NETAMT,0,,,,,,,,,,,,,,,6,,,1,19,2,,,false,,,,,,,,,,,,,,,,,,,,,,,false,,,,,,,,,,,
,,BGALLSALES,PROMOAMT,0,,,,,,,,,,,,,,,6,,,1,2,2,,,false,,,,,,,,,,,,,,,,,,,,,,,false,,,,,,,,,,,
,,BGALLSALES,RETURNAMT,0,,,,,,,,,,,,,,,6,,,1,35,2,,,false,,,,,,,,,,,,,,,,,,,,,,,false,,,,,,,,,,,
,,BGALLSALES,RSP,0,,,,,,,,,,,,,,,6,,,1,32,2,,,false,,,,,,,,,,,,,,,,,,,,,,,false,,,,,,,,,,,
,,BGALLSALES,SALEAMT,0,,,,,,,,,,,,,,,6,,,1,31,2,,,false,,,,,,,,,,,,,,,,,,,,,,,false,,,,,,,,,,,
,,BGALLSALES,SALEQTY,0,,,,,,,,,,,,,,,6,,,1,36,2,,,false,,,,,,,,,,,,,,,,,,,,,,,false,,,,,,,,,,,
,,BGALLSALES,SECTION,0,,,,,,,,,,,,,,,12,,,1,4,2,,,false,,,,,,,,,,,,,,,,,,,,,,,false,,,,,,,,,,,
,,BGALLSALES,TAXAMT,0,,,,,,,,,,,,,,,6,,,1,18,2,,,false,,,,,,,,,,,,,,,,,,,,,,,false,,,,,,,,,,,
,,BGALLSALES,TOTALDISCOUNTAMT,0,,,,,,,,,,,,,,,6,,,1,40,2,,,false,,,,,,,,,,,,,,,,,,,,,,,false,,,,,,,,,,,
,,BGALLSTOCK,,,0,u,,7,20,,,false,,,false,false,,,,,,,,,,,,,,,,,,,,,,,,,,,,,,,,false,-1,,false,0,false,,false,,,1,0,,
,,BGALLSTOCK,ADMSITE_CODE,0,,,,,,,,,,,,,,,12,,,1,5,2,,,false,,,,,,,,,,,,,,,,,,,,,,,false,,,,,,,,,,,
,,BGALLSTOCK,COUNT_QTY,0,,,,,,,,,,,,,,,6,,,1,4,2,,,false,,,,,,,,,,,,,,,,,,,,,,,false,,,,,,,,,,,
,,BGALLSTOCK,ICODE,0,,,,,,,,,,,,,,,12,,,1,3,2,,,false,,,,,,,,,,,,,,,,,,,,,,,false,,,,,,,,,,,
,,BGALLSTOCK,ID,,,,,,,,,,,,,,,,12,,,0,1,2,,,false,1,,,,,,,,,,,,,,,,,,,,,,false,,,,,,,,,,,
,,BGALLSTOCK,LOCCODE,0,,,,,,,,,,,,,,,12,,,1,2,2,,,false,,,,,,,,,,,,,,,,,,,,,,,false,,,,,,,,,,,
,,BGALLSTOCK,TAKENDATE,0,,,,,,,,,,,,,,,91,,,1,6,2,,,false,,,,,,,,,,,,,,,,,,,,,,,false,,,,,,,,,,,
,,BGCWHSTOCK,,,0,u,,10,20,,,false,,,false,false,,,,,,,,,,,,,,,,,,,,,,,,,,,,,,,,false,-1,,false,0,false,,false,,,1,0,,
,,BGCWHSTOCK,ADMSITE_CODE,0,,,,,,,,,,,,,,,12,,,1,5,2,,,false,,,,,,,,,,,,,,,,,,,,,,,false,,,,,,,,,,,
,,BGCWHSTOCK,BARCODE,0,,,,,,,,,,,,,,,12,,,1,2,2,,,false,,,,,,,,,,,,,,,,,,,,,,,false,,,,,,,,,,,
,,BGCWHSTOCK,DEPARTMENT,0,,,,,,,,,,,,,,,12,,,1,7,2,,,false,,,,,,,,,,,,,,,,,,,,,,,false,,,,,,,,,,,
,,BGCWHSTOCK,DIVISION,0,,,,,,,,,,,,,,,12,,,1,8,2,,,false,,,,,,,,,,,,,,,,,,,,,,,false,,,,,,,,,,,
,,BGCWHSTOCK,ICODE,0,,,,,,,,,,,,,,,12,,,1,3,2,,,false,,,,,,,,,,,,,,,,,,,,,,,false,,,,,,,,,,,
,,BGCWHSTOCK,ID,,,,,,,,,,,,,,,,12,,,0,1,2,,,false,1,,,,,,,,,,,,,,,,,,,,,,false,,,,,,,,,,,
,,BGCWHSTOCK,QTY,0,,,,,,,,,,,,,,,6,,,1,4,2,,,false,,,,,,,,,,,,,,,,,,,,,,,false,,,,,,,,,,,
,,BGCWHSTOCK,SECTION,0,,,,,,,,,,,,,,,12,,,1,9,2,,,false,,,,,,,,,,,,,,,,,,,,,,,false,,,,,,,,,,,
,,BGCWHSTOCK,TAKENDATE,0,,,,,,,,,,,,,,,91,,,1,6,2,,,false,,,,,,,,,,,,,,,,,,,,,,,false,,,,,,,,,,,
,,BGFRESHCAT,,,0,u,,8,20,,,false,,,false,false,,,,,,,,,,,,,,,,,,,,,,,,,,,,,,,,false,-1,,false,0,false,,false,,,1,0,,
,,BGFRESHCAT,CREATED_AT,0,,,,,,,,,,,,,,,93,,,1,6,2,,,false,,,,,,,,,,,,,,,,,,,,,,,false,,,,,,,,,,,
,,BGFRESHCAT,DESCRIPTION,0,,,,,,,,,,,,,,,12,,,1,4,2,,,false,,,,,,,,,,,,,,,,,,,,,,,false,,,,,,,,,,,
,,BGFRESHCAT,ID,,,,,,,,,,,,,,,,12,,,0,1,2,,,false,1,,,,,,,,,,,,,,,,,,,,,,false,,,,,,,,,,,
,,BGFRESHCAT,PARENT_ID,0,,,,,,,,,,,,,,,12,,,1,2,2,,,false,,,,,,,,,,,,,,,,,,,,,,,false,,,,,,,,,,,
,,BGFRESHCAT,STATUS,0,,,,,,,,,,,,,,,12,,,1,5,2,,,false,,,,,,,,,,,,,,,,,,,,,,,false,,,,,,,,,,,
,,BGFRESHCAT,TITLE,0,,,,,,,,,,,,,,,12,,,1,3,2,,,false,,,,,,,,,,,,,,,,,,,,,,,false,,,,,,,,,,,
,,BGFRESHCAT,UPDATED_AT,0,,,,,,,,,,,,,,,93,,,1,7,2,,,false,,,,,,,,,,,,,,,,,,,,,,,false,,,,,,,,,,,
,,BGFRESHORDERPLACEMENT,,,0,u,,18,,,,false,,,false,false,,,,,,,,,,,,,,,,,,,,,,,,,,,,,,,,false,-1,,false,0,false,,false,,,1,0,,
,,BGFRESHORDERPLACEMENT,CREATED_AT,0,,,,,,,,,,,,,,,93,,,1,2,2,,,false,,,,,,,,,,,,,,,,,,,,,,,false,,,,,,,,,,,
,,BGFRESHORDERPLACEMENT,DEPARTMENT,0,,,,,,,,,,,,,,,12,,,1,4,2,,,false,,,,,,,,,,,,,,,,,,,,,,,false,,,,,,,,,,,
,,BGFRESHORDERPLACEMENT,ID,0,,,,,,,,,,,,,,,4,,,1,5,2,,,false,,,,,,,,,,,,,,,,,,,,,,,false,,,,,,,,,,,
,,BGFRESHORDERPLACEMENT,ITEM,0,,,,,,,,,,,,,,,12,,,1,9,2,,,false,,,,,,,,,,,,,,,,,,,,,,,false,,,,,,,,,,,
,,BGFRESHORDERPLACEMENT,ITEM_CODE,0,,,,,,,,,,,,,,,12,,,1,10,2,,,false,,,,,,,,,,,,,,,,,,,,,,,false,,,,,,,,,,,
,,BGFRESHORDERPLACEMENT,KEYID,,,,,,,,,,,,,,,,12,,,0,1,2,,,false,1,,,,,,,,,,,,,,,,,,,,,,false,,,,,,,,,,,
,,BGFRESHORDERPLACEMENT,LAST_3WEEKS_SALES_AVG,0,,,,,,,,,,,,,,,12,,,1,12,2,,,false,,,,,,,,,,,,,,,,,,,,,,,false,,,,,,,,,,,
,,BGFRESHORDERPLACEMENT,LAST_WEEKS_SALES,0,,,,,,,,,,,,,,,12,,,1,13,2,,,false,,,,,,,,,,,,,,,,,,,,,,,false,,,,,,,,,,,
,,BGFRESHORDERPLACEMENT,MBQ,0,,,,,,,,,,,,,,,12,,,1,14,2,,,false,,,,,,,,,,,,,,,,,,,,,,,false,,,,,,,,,,,
,,BGFRESHORDERPLACEMENT,MOQ,0,,,,,,,,,,,,,,,12,,,1,15,2,,,false,,,,,,,,,,,,,,,,,,,,,,,false,,,,,,,,,,,
,,BGFRESHORDERPLACEMENT,ORDERQTY,0,,,,,,,,,,,,,,,12,,,1,16,2,,,false,,,,,,,,,,,,,,,,,,,,,,,false,,,,,,,,,,,
,,BGFRESHORDERPLACEMENT,ORDER_DATE,0,,,,,,,,,,,,,,,91,,,1,3,2,,,false,,,,,,,,,,,,,,,,,,,,,,,false,,,,,,,,,,,
,,BGFRESHORDERPLACEMENT,STATUS,0,,,,,,,,,,,,,,,12,,,1,6,2,,,false,,,,,,,,,,,,,,,,,,,,,,,false,,,,,,,,,,,
,,BGFRESHORDERPLACEMENT,STOCK,0,,,,,,,,,,,,,,,12,,,1,17,2,,,false,,,,,,,,,,,,,,,,,,,,,,,false,,,,,,,,,,,
,,BGFRESHORDERPLACEMENT,STORE,0,,,,,,,,,,,,,,,12,,,1,7,2,,,false,,,,,,,,,,,,,,,,,,,,,,,false,,,,,,,,,,,
,,BGFRESHORDERPLACEMENT,SUGGESTED_ORDER,0,,,,,,,,,,,,,,,12,,,1,18,2,,,false,,,,,,,,,,,,,,,,,,,,,,,false,,,,,,,,,,,
,,BGFRESHORDERPLACEMENT,TITLE,0,,,,,,,,,,,,,,,12,,,1,11,2,,,false,,,,,,,,,,,,,,,,,,,,,,,false,,,,,,,,,,,
,,BGFRESHORDERPLACEMENT,UPDATED_AT,0,,,,,,,,,,,,,,,93,,,1,8,2,,,false,,,,,,,,,,,,,,,,,,,,,,,false,,,,,,,,,,,
,,BGFRESHPRODUCTS,,,0,u,,12,,,,false,,,false,false,,,,,,,,,,,,,,,,,,,,,,,,,,,,,,,,false,-1,,false,0,false,,false,,,1,0,,
,,BGFRESHPRODUCTS,BARCODE,0,,,,,,,,,,,,,,,12,,,1,3,2,,,false,,,,,,,,,,,,,,,,,,,,,,,false,,,,,,,,,,,
,,BGFRESHPRODUCTS,CATEGORY_ID,0,,,,,,,,,,,,,,,12,,,1,4,2,,,false,,,,,,,,,,,,,,,,,,,,,,,false,,,,,,,,,,,
,,BGFRESHPRODUCTS,CREATED_AT,0,,,,,,,,,,,,,,,93,,,1,1,2,,,false,,,,,,,,,,,,,,,,,,,,,,,false,,,,,,,,,,,
,,BGFRESHPRODUCTS,ID,,,,,,,,,,,,,,,,12,,,0,2,2,,,false,1,,,,,,,,,,,,,,,,,,,,,,false,,,,,,,,,,,
,,BGFRESHPRODUCTS,ITEM_CODE,0,,,,,,,,,,,,,,,12,,,1,5,2,,,false,,,,,,,,,,,,,,,,,,,,,,,false,,,,,,,,,,,
,,BGFRESHPRODUCTS,MBQ,0,,,,,,,,,,,,,,,12,,,1,12,2,,,false,,,,,,,,,,,,,,,,,,,,,,,false,,,,,,,,,,,
,,BGFRESHPRODUCTS,MOQ,0,,,,,,,,,,,,,,,12,,,1,6,2,,,false,,,,,,,,,,,,,,,,,,,,,,,false,,,,,,,,,,,
,,BGFRESHPRODUCTS,MRP,0,,,,,,,,,,,,,,,12,,,1,7,2,,,false,,,,,,,,,,,,,,,,,,,,,,,false,,,,,,,,,,,
,,BGFRESHPRODUCTS,STATUS,0,,,,,,,,,,,,,,,12,,,1,9,2,,,false,,,,,,,,,,,,,,,,,,,,,,,false,,,,,,,,,,,
,,BGFRESHPRODUCTS,TITLE,0,,,,,,,,,,,,,,,12,,,1,10,2,,,false,,,,,,,,,,,,,,,,,,,,,,,false,,,,,,,,,,,
,,BGFRESHPRODUCTS,UPDATE_AT,0,,,,,,,,,,,,,,,93,,,1,8,2,,,false,,,,,,,,,,,,,,,,,,,,,,,false,,,,,,,,,,,
,,BGFRESHPRODUCTS,VENDOR_ID,0,,,,,,,,,,,,,,,12,,,1,11,2,,,false,,,,,,,,,,,,,,,,,,,,,,,false,,,,,,,,,,,
,,BGMAPPEDTABLE,,,0,u,,19,,,,false,,,false,false,,,,,,,,,,,,,,,,,,,,,,,,,,,,,,,,false,-1,,false,0,false,,false,,,1,0,,
,,BGMAPPEDTABLE,ALLOCATED,0,,,,,,,,,,,,,,,12,,,1,13,2,,,false,,,,,,,,,,,,,,,,,,,,,,,false,,,,,,,,,,,
,,BGMAPPEDTABLE,ALLOCATED_DATE,0,,,,,,,,,,,,,,,91,,,1,19,2,,,false,,,,,,,,,,,,,,,,,,,,,,,false,,,,,,,,,,,
,,BGMAPPEDTABLE,DEPARTMENT,0,,,,,,,,,,,,,,,12,,,1,10,2,,,false,,,,,,,,,,,,,,,,,,,,,,,false,,,,,,,,,,,
,,BGMAPPEDTABLE,ITEM,0,,,,,,,,,,,,,,,12,,,1,2,2,,,false,,,,,,,,,,,,,,,,,,,,,,,false,,,,,,,,,,,
,,BGMAPPEDTABLE,ITEM_CODE,0,,,,,,,,,,,,,,,12,,,1,3,2,,,false,,,,,,,,,,,,,,,,,,,,,,,false,,,,,,,,,,,
,,BGMAPPEDTABLE,KEY_ID,,,,,,,,,,,,,,,,12,,,0,1,2,,,false,1,,,,,,,,,,,,,,,,,,,,,,false,,,,,,,,,,,
,,BGMAPPEDTABLE,LAST_3WEEKS_SALES_AVG,0,,,,,,,,,,,,,,,12,,,1,9,2,,,false,,,,,,,,,,,,,,,,,,,,,,,false,,,,,,,,,,,
,,BGMAPPEDTABLE,LAST_WEEK_SALES,0,,,,,,,,,,,,,,,12,,,1,8,2,,,false,,,,,,,,,,,,,,,,,,,,,,,false,,,,,,,,,,,
,,BGMAPPEDTABLE,MBQ,0,,,,,,,,,,,,,,,12,,,1,18,2,,,false,,,,,,,,,,,,,,,,,,,,,,,false,,,,,,,,,,,
,,BGMAPPEDTABLE,MOQ,0,,,,,,,,,,,,,,,12,,,1,6,2,,,false,,,,,,,,,,,,,,,,,,,,,,,false,,,,,,,,,,,
,,BGMAPPEDTABLE,ORDERQTY,0,,,,,,,,,,,,,,,12,,,1,17,2,,,false,,,,,,,,,,,,,,,,,,,,,,,false,,,,,,,,,,,
,,BGMAPPEDTABLE,ORDER_DATE,0,,,,,,,,,,,,,,,91,,,1,5,2,,,false,,,,,,,,,,,,,,,,,,,,,,,false,,,,,,,,,,,
,,BGMAPPEDTABLE,RETURN,0,,,,,,,,,,,,,,,12,,,1,11,2,,,false,,,,,,,,,,,,,,,,,,,,,,,false,,,,,,,,,,,
,,BGMAPPEDTABLE,STOCK,0,,,,,,,,,,,,,,,12,,,1,4,2,,,false,,,,,,,,,,,,,,,,,,,,,,,false,,,,,,,,,,,
,,BGMAPPEDTABLE,STORE,0,,,,,,,,,,,,,,,12,,,1,7,2,,,false,,,,,,,,,,,,,,,,,,,,,,,false,,,,,,,,,,,
,,BGMAPPEDTABLE,STORE_ID,0,,,,,,,,,,,,,,,12,,,1,12,2,,,false,,,,,,,,,,,,,,,,,,,,,,,false,,,,,,,,,,,
,,BGMAPPEDTABLE,SUGGESTED_ORDER,0,,,,,,,,,,,,,,,12,,,1,16,2,,,false,,,,,,,,,,,,,,,,,,,,,,,false,,,,,,,,,,,
,,BGMAPPEDTABLE,TOTAL_ORDER,0,,,,,,,,,,,,,,,12,,,1,15,2,,,false,,,,,,,,,,,,,,,,,,,,,,,false,,,,,,,,,,,
,,BGMAPPEDTABLE,WH_STOCK,0,,,,,,,,,,,,,,,12,,,1,14,2,,,false,,,,,,,,,,,,,,,,,,,,,,,false,,,,,,,,,,,
,,BGPODATA,,,0,u,,16,10,,,false,,,false,false,,,,,,,,,,,,,,,,,,,,,,,,,,,,,,,,false,-1,,false,0,false,,false,,,1,0,,
,,BGPODATA,CATEGORY1,0,,,,,,,,,,,,,,,12,,,1,8,2,,,false,,,,,,,,,,,,,,,,,,,,,,,false,,,,,,,,,,,
,,BGPODATA,DEPARTMENT,0,,,,,,,,,,,,,,,12,,,1,7,2,,,false,,,,,,,,,,,,,,,,,,,,,,,false,,,,,,,,,,,
,,BGPODATA,DIVISION,0,,,,,,,,,,,,,,,12,,,1,5,2,,,false,,,,,,,,,,,,,,,,,,,,,,,false,,,,,,,,,,,
,,BGPODATA,ID,,,,,,,,,,,,,,,,12,,,0,1,2,,,false,1,,,,,,,,,,,,,,,,,,,,,,false,,,,,,,,,,,
,,BGPODATA,ITEM_CODE,0,,,,,,,,,,,,,,,12,,,1,9,2,,,false,,,,,,,,,,,,,,,,,,,,,,,false,,,,,,,,,,,
,,BGPODATA,ORDER_DATE,0,,,,,,,,,,,,,,,91,,,1,2,2,,,false,,,,,,,,,,,,,,,,,,,,,,,false,,,,,,,,,,,
,,BGPODATA,ORDER_NO,0,,,,,,,,,,,,,,,12,,,1,3,2,,,false,,,,,,,,,,,,,,,,,,,,,,,false,,,,,,,,,,,
,,BGPODATA,POAMT,0,,,,,,,,,,,,,,,6,,,1,11,2,,,false,,,,,,,,,,,,,,,,,,,,,,,false,,,,,,,,,,,
,,BGPODATA,POQTY,0,,,,,,,,,,,,,,,6,,,1,10,2,,,false,,,,,,,,,,,,,,,,,,,,,,,false,,,,,,,,,,,
,,BGPODATA,RECEIVEAMT,0,,,,,,,,,,,,,,,6,,,1,13,2,,,false,,,,,,,,,,,,,,,,,,,,,,,false,,,,,,,,,,,
,,BGPODATA,RECEIVEDATE,0,,,,,,,,,,,,,,,91,,,1,14,2,,,false,,,,,,,,,,,,,,,,,,,,,,,false,,,,,,,,,,,
,,BGPODATA,RECEIVEQTY,0,,,,,,,,,,,,,,,6,,,1,12,2,,,false,,,,,,,,,,,,,,,,,,,,,,,false,,,,,,,,,,,
,,BGPODATA,SECTION,0,,,,,,,,,,,,,,,12,,,1,6,2,,,false,,,,,,,,,,,,,,,,,,,,,,,false,,,,,,,,,,,
,,BGPODATA,VENDOR_ID,0,,,,,,,,,,,,,,,12,,,1,15,2,,,false,,,,,,,,,,,,,,,,,,,,,,,false,,,,,,,,,,,
,,BGPODATA,VENDOR_NAME,0,,,,,,,,,,,,,,,12,,,1,4,2,,,false,,,,,,,,,,,,,,,,,,,,,,,false,,,,,,,,,,,
,,BGPRODUCT_TABLE,,,0,u,,25,10,,,false,,,false,false,,,,,,,,,,,,,,,,,,,,,,,,,,,,,,,,false,-1,,false,0,false,,false,,,1,0,,
,,BGPRODUCT_TABLE,ARTICLE_NAME,0,,,,,,,,,,,,,,,12,,,1,13,2,,,false,,,,,,,,,,,,,,,,,,,,,,,false,,,,,,,,,,,
,,BGPRODUCT_TABLE,BARCODE,0,,,,,,,,,,,,,,,12,,,1,2,2,,,false,,,,,,,,,,,,,,,,,,,,,,,false,,,,,,,,,,,
,,BGPRODUCT_TABLE,BARUNIT,0,,,,,,,,,,,,,,,6,,,1,23,2,,,false,,,,,,,,,,,,,,,,,,,,,,,false,,,,,,,,,,,
,,BGPRODUCT_TABLE,CAT1,0,,,,,,,,,,,,,,,12,,,1,5,2,,,false,,,,,,,,,,,,,,,,,,,,,,,false,,,,,,,,,,,
,,BGPRODUCT_TABLE,CAT2,0,,,,,,,,,,,,,,,12,,,1,6,2,,,false,,,,,,,,,,,,,,,,,,,,,,,false,,,,,,,,,,,
,,BGPRODUCT_TABLE,DEPARTMENT,0,,,,,,,,,,,,,,,12,,,1,8,2,,,false,,,,,,,,,,,,,,,,,,,,,,,false,,,,,,,,,,,
,,BGPRODUCT_TABLE,DIVISION,0,,,,,,,,,,,,,,,12,,,1,10,2,,,false,,,,,,,,,,,,,,,,,,,,,,,false,,,,,,,,,,,
,,BGPRODUCT_TABLE,GENERATED,0,,,,,,,,,,,,,,,93,,,1,21,2,,,false,,,,,,,,,,,,,,,,,,,,,,,false,,,,,,,,,,,
,,BGPRODUCT_TABLE,ICODE,0,,,,,,,,,,,,,,,12,,,1,22,2,,,false,,,,,,,,,,,,,,,,,,,,,,,false,,,,,,,,,,,
,,BGPRODUCT_TABLE,ID,,,,,,,,,,,,,,,,12,,,0,1,2,,,false,1,,,,,,,,,,,,,,,,,,,,,,false,,,,,,,,,,,
,,BGPRODUCT_TABLE,ITEM_NAME,0,,,,,,,,,,,,,,,12,,,1,7,2,,,false,,,,,,,,,,,,,,,,,,,,,,,false,,,,,,,,,,,
,,BGPRODUCT_TABLE,ITEM_TAXNAME,0,,,,,,,,,,,,,,,12,,,1,20,2,,,false,,,,,,,,,,,,,,,,,,,,,,,false,,,,,,,,,,,
,,BGPRODUCT_TABLE,LAST_CHANGED,0,,,,,,,,,,,,,,,93,,,1,19,2,,,false,,,,,,,,,,,,,,,,,,,,,,,false,,,,,,,,,,,
,,BGPRODUCT_TABLE,LAST_IN_RATE,0,,,,,,,,,,,,,,,6,,,1,17,2,,,false,,,,,,,,,,,,,,,,,,,,,,,false,,,,,,,,,,,
,,BGPRODUCT_TABLE,MATERIAL_TYPE,0,,,,,,,,,,,,,,,12,,,1,16,2,,,false,,,,,,,,,,,,,,,,,,,,,,,false,,,,,,,,,,,
,,BGPRODUCT_TABLE,MRP,0,,,,,,,,,,,,,,,6,,,1,14,2,,,false,,,,,,,,,,,,,,,,,,,,,,,false,,,,,,,,,,,
,,BGPRODUCT_TABLE,MRPRANGEFROM,0,,,,,,,,,,,,,,,6,,,1,12,2,,,false,,,,,,,,,,,,,,,,,,,,,,,false,,,,,,,,,,,
,,BGPRODUCT_TABLE,PARTYNAME,0,,,,,,,,,,,,,,,12,,,1,18,2,,,false,,,,,,,,,,,,,,,,,,,,,,,false,,,,,,,,,,,
,,BGPRODUCT_TABLE,RSP,0,,,,,,,,,,,,,,,6,,,1,24,2,,,false,,,,,,,,,,,,,,,,,,,,,,,false,,,,,,,,,,,
,,BGPRODUCT_TABLE,SECTION,0,,,,,,,,,,,,,,,12,,,1,4,2,,,false,,,,,,,,,,,,,,,,,,,,,,,false,,,,,,,,,,,
,,BGPRODUCT_TABLE,STANDARD_RATE,0,,,,,,,,,,,,,,,6,,,1,9,2,,,false,,,,,,,,,,,,,,,,,,,,,,,false,,,,,,,,,,,
,,BGPRODUCT_TABLE,STOCKINDATE,0,,,,,,,,,,,,,,,93,,,1,3,2,,,false,,,,,,,,,,,,,,,,,,,,,,,false,,,,,,,,,,,
,,BGPRODUCT_TABLE,UNITNAME,0,,,,,,,,,,,,,,,12,,,1,11,2,,,false,,,,,,,,,,,,,,,,,,,,,,,false,,,,,,,,,,,
,,BGPRODUCT_TABLE,WSP,0,,,,,,,,,,,,,,,6,,,1,15,2,,,false,,,,,,,,,,,,,,,,,,,,,,,false,,,,,,,,,,,
,,BGSTOCK,,,0,u,,5,,,,false,,,false,false,,,,,,,,,,,,,,,,,,,,,,,,,,,,,,,,false,-1,,false,0,false,,false,,,1,0,,
,,BGSTOCK,CL_STOCK,0,,,,,,,,,,,,,,,6,,,1,4,2,,,false,,,,,,,,,,,,,,,,,,,,,,,false,,,,,,,,,,,
,,BGSTOCK,ENTRY_DATE,0,,,,,,,,,,,,,,,93,,,1,2,2,,,false,,,,,,,,,,,,,,,,,,,,,,,false,,,,,,,,,,,
,,BGSTOCK,ICODE,0,,,,,,,,,,,,,,,12,,,1,3,2,,,false,,,,,,,,,,,,,,,,,,,,,,,false,,,,,,,,,,,
,,BGSTOCK,ID,,,,,,,,,,,,,,,,12,,,0,1,2,,,false,1,,,,,,,,,,,,,,,,,,,,,,false,,,,,,,,,,,
,,BGSTOCK,STORE_CODE,0,,,,,,,,,,,,,,,12,,,1,5,2,,,false,,,,,,,,,,,,,,,,,,,,,,,false,,,,,,,,,,,
,,BGSTOREORDERALLOCATION,,,0,u,,12,10,,,false,,,false,false,,,,,,,,,,,,,,,,,,,,,,,,,,,,,,,,false,-1,,false,0,false,,false,,,1,0,,
,,BGSTOREORDERALLOCATION,ALLOCATED,0,,,,,,,,,,,,,,,12,,,1,5,2,,,false,,,,,,,,,,,,,,,,,,,,,,,false,,,,,,,,,,,
,,BGSTOREORDERALLOCATION,ALLOCATED_DATE,0,,,,,,,,,,,,,,,91,,,1,9,2,,,false,,,,,,,,,,,,,,,,,,,,,,,false,,,,,,,,,,,
,,BGSTOREORDERALLOCATION,CREATED_AT,0,,,,,,,,,,,,,,,93,,,1,2,2,,,false,,,,,,,,,,,,,,,,,,,,,,,false,,,,,,,,,,,
,,BGSTOREORDERALLOCATION,DEPARTMENT,0,,,,,,,,,,,,,,,12,,,1,11,2,,,false,,,,,,,,,,,,,,,,,,,,,,,false,,,,,,,,,,,
,,BGSTOREORDERALLOCATION,ITEM,0,,,,,,,,,,,,,,,12,,,1,7,2,,,false,,,,,,,,,,,,,,,,,,,,,,,false,,,,,,,,,,,
,,BGSTOREORDERALLOCATION,KEY_ID,,,,,,,,,,,,,,,,12,,,0,1,2,,,false,1,,,,,,,,,,,,,,,,,,,,,,false,,,,,,,,,,,
,,BGSTOREORDERALLOCATION,RETURN,0,,,,,,,,,,,,,,,12,,,1,6,2,,,false,,,,,,,,,,,,,,,,,,,,,,,false,,,,,,,,,,,
,,BGSTOREORDERALLOCATION,STORE,0,,,,,,,,,,,,,,,12,,,1,4,2,,,false,,,,,,,,,,,,,,,,,,,,,,,false,,,,,,,,,,,
,,BGSTOREORDERALLOCATION,TOTAL_ORDER,0,,,,,,,,,,,,,,,12,,,1,8,2,,,false,,,,,,,,,,,,,,,,,,,,,,,false,,,,,,,,,,,
,,BGSTOREORDERALLOCATION,UPDATED_AT,0,,,,,,,,,,,,,,,93,,,1,3,2,,,false,,,,,,,,,,,,,,,,,,,,,,,false,,,,,,,,,,,
,,BGSTOREORDERALLOCATION,WH_STOCK,0,,,,,,,,,,,,,,,12,,,1,10,2,,,false,,,,,,,,,,,,,,,,,,,,,,,false,,,,,,,,,,,
,,BGSTORES,,,0,u,,10,,,,false,,,false,false,,,,,,,,,,,,,,,,,,,,,,,,,,,,,,,,false,-1,,false,0,false,,false,,,1,0,,
,,BGSTORES,ADDRESS,0,,,,,,,,,,,,,,,12,,,1,10,2,,,false,,,,,,,,,,,,,,,,,,,,,,,false,,,,,,,,,,,
,,BGSTORES,CATEGORY_ID,0,,,,,,,,,,,,,,,12,,,1,6,2,,,false,,,,,,,,,,,,,,,,,,,,,,,false,,,,,,,,,,,
,,BGSTORES,CODE,0,,,,,,,,,,,,,,,12,,,1,7,2,,,false,,,,,,,,,,,,,,,,,,,,,,,false,,,,,,,,,,,
,,BGSTORES,CREATED_AT,0,,,,,,,,,,,,,,,93,,,1,2,2,,,false,,,,,,,,,,,,,,,,,,,,,,,false,,,,,,,,,,,
,,BGSTORES,ID,,,,,,,,,,,,,,,,4,,,0,1,2,,,false,1,,,,,,,,,,,,,,,,,,,,,,false,,,,,,,,,,,
,,BGSTORES,SHORT_CODE,0,,,,,,,,,,,,,,,12,,,1,5,2,,,false,,,,,,,,,,,,,,,,,,,,,,,false,,,,,,,,,,,
,,BGSTORES,STATUS,0,,,,,,,,,,,,,,,12,,,1,9,2,,,false,,,,,,,,,,,,,,,,,,,,,,,false,,,,,,,,,,,
,,BGSTORES,STOCK_HOLDING_DAY,0,,,,,,,,,,,,,,,12,,,1,8,2,,,false,,,,,,,,,,,,,,,,,,,,,,,false,,,,,,,,,,,
,,BGSTORES,TITLE,0,,,,,,,,,,,,,,,12,,,1,4,2,,,false,,,,,,,,,,,,,,,,,,,,,,,false,,,,,,,,,,,
,,BGSTORES,UPDATED_AT,0,,,,,,,,,,,,,,,93,,,1,3,2,,,false,,,,,,,,,,,,,,,,,,,,,,,false,,,,,,,,,,,
,,BGTOTALSALES,,,2,u,,40,20,,,false,,,false,false,,,,,,,,,,,,,,,,,,,,,,,,,,,,,,,,false,-1,,false,0,false,,false,,,1,0,,
,,BGTOTALSALES,ADMSITE_CODE,0,,,,,,,,,,,,,,,12,,,1,5,2,,,false,,,,,,,,,,,,,,,,,,,,,,,false,,,,,,,,,,,
,,BGTOTALSALES,BARCODE,0,,,,,,,,,,,,,,,12,,,1,26,2,,,false,,,,,,,,,,,,,,,,,,,,,,,false,,,,,,,,,,,
,,BGTOTALSALES,BASICAMT,0,,,,,,,,,,,,,,,6,,,1,37,2,,,false,,,,,,,,,,,,,,,,,,,,,,,false,,,,,,,,,,,
,,BGTOTALSALES,BILLDATE,0,,,,,,,,,,,,,,,93,,,1,24,2,,,false,,,,,,,,,,,,,,,,,,,,,,,false,,,,,,,,,,,
,,BGTOTALSALES,BILLDISCOUNTAMT,0,,,,,,,,,,,,,,,6,,,1,40,2,,,false,,,,,,,,,,,,,,,,,,,,,,,,,,,,,,,,,,
,,BGTOTALSALES,BILLDISCOUNTNAME,0,,,,,,,,,,,,,,,12,,,1,17,2,,,false,,,,,,,,,,,,,,,,,,,,,,,false,,,,,,,,,,,
,,BGTOTALSALES,BILLMONTH,0,,,,,,,,,,,,,,,12,,,1,29,2,,,false,,,,,,,,,,,,,,,,,,,,,,,false,,,,,,,,,,,
,,BGTOTALSALES,BILLNO,0,,,,,,,,,,,,,,,12,,,1,22,2,,,false,,,,,,,,,,,,,,,,,,,,,,,false,,,,,,,,,,,
,,BGTOTALSALES,BILLQTR,0,,,,,,,,,,,,,,,12,,,1,14,2,,,false,,,,,,,,,,,,,,,,,,,,,,,false,,,,,,,,,,,
,,BGTOTALSALES,BILLWEEK,0,,,,,,,,,,,,,,,12,,,1,27,2,,,false,,,,,,,,,,,,,,,,,,,,,,,false,,,,,,,,,,,
,,BGTOTALSALES,BILLYEAR,0,,,,,,,,,,,,,,,12,,,1,16,2,,,false,,,,,,,,,,,,,,,,,,,,,,,false,,,,,,,,,,,
,,BGTOTALSALES,CART_ID,0,,,,,,,,,,,,,,,12,,,1,32,2,,,false,,,,,,,,,,,,,,,,,,,,,,,false,,,,,,,,,,,
,,BGTOTALSALES,CAT1,0,,,,,,,,,,,,,,,12,,,1,6,2,,,false,,,,,,,,,,,,,,,,,,,,,,,false,,,,,,,,,,,
,,BGTOTALSALES,CAT2,0,,,,,,,,,,,,,,,12,,,1,7,2,,,false,,,,,,,,,,,,,,,,,,,,,,,false,,,,,,,,,,,
,,BGTOTALSALES,CAT3,0,,,,,,,,,,,,,,,12,,,1,8,2,,,false,,,,,,,,,,,,,,,,,,,,,,,false,,,,,,,,,,,
,,BGTOTALSALES,CAT4,0,,,,,,,,,,,,,,,12,,,1,9,2,,,false,,,,,,,,,,,,,,,,,,,,,,,false,,,,,,,,,,,
,,BGTOTALSALES,CAT5,0,,,,,,,,,,,,,,,12,,,1,10,2,,,false,,,,,,,,,,,,,,,,,,,,,,,false,,,,,,,,,,,
,,BGTOTALSALES,CAT6,0,,,,,,,,,,,,,,,12,,,1,11,2,,,false,,,,,,,,,,,,,,,,,,,,,,,false,,,,,,,,,,,
,,BGTOTALSALES,CAT7,0,,,,,,,,,,,,,,,12,,,1,12,2,,,false,,,,,,,,,,,,,,,,,,,,,,,false,,,,,,,,,,,
,,BGTOTALSALES,CAT8,0,,,,,,,,,,,,,,,12,,,1,13,2,,,false,,,,,,,,,,,,,,,,,,,,,,,false,,,,,,,,,,,
,,BGTOTALSALES,DEPARTMENT,0,,,,,,,,,,,,,,,12,,,1,21,2,,,false,,,,,,,,,,,,,,,,,,,,,,,false,,,,,,,,,,,
,,BGTOTALSALES,DIVISION,0,,,,,,,,,,,,,,,12,,,1,23,2,,,false,,,,,,,,,,,,,,,,,,,,,,,false,,,,,,,,,,,
,,BGTOTALSALES,ESP,0,,,,,,,,,,,,,,,6,,,1,25,2,,,false,,,,,,,,,,,,,,,,,,,,,,,false,,,,,,,,,,,
,,BGTOTALSALES,GROSSAMT,0,,,,,,,,,,,,,,,6,,,1,36,2,,,false,,,,,,,,,,,,,,,,,,,,,,,false,,,,,,,,,,,
,,BGTOTALSALES,ICODE,0,,,,,,,,,,,,,,,12,,,1,28,2,,,false,,,,,,,,,,,,,,,,,,,,,,,false,,,,,,,,,,,
,,BGTOTALSALES,ID,,,,,,,,,,,,,,,,12,,,0,1,2,,,false,1,,,,,,,,,,,,,,,,,,,,,,false,,,,,,,,,,,
,,BGTOTALSALES,ITEMDISCOUNTAMT,0,,,,,,,,,,,,,,,6,,,1,38,2,,,false,,,,,,,,,,,,,,,,,,,,,,,false,,,,,,,,,,,
,,BGTOTALSALES,ITEMDISCOUNTNAME,0,,,,,,,,,,,,,,,12,,,1,15,2,,,false,,,,,,,,,,,,,,,,,,,,,,,false,,,,,,,,,,,
,,BGTOTALSALES,LOYALTYDISCOUNTAMT,0,,,,,,,,,,,,,,,6,,,1,20,2,,,false,,,,,,,,,,,,,,,,,,,,,,,false,,,,,,,,,,,
,,BGTOTALSALES,MRP,0,,,,,,,,,,,,,,,6,,,1,33,2,,,false,,,,,,,,,,,,,,,,,,,,,,,false,,,,,,,,,,,
,,BGTOTALSALES,MRPAMT,0,,,,,,,,,,,,,,,6,,,1,3,2,,,false,,,,,,,,,,,,,,,,,,,,,,,false,,,,,,,,,,,
,,BGTOTALSALES,NETAMT,0,,,,,,,,,,,,,,,6,,,1,19,2,,,false,,,,,,,,,,,,,,,,,,,,,,,false,,,,,,,,,,,
,,BGTOTALSALES,PROMOAMT,0,,,,,,,,,,,,,,,6,,,1,2,2,,,false,,,,,,,,,,,,,,,,,,,,,,,false,,,,,,,,,,,
,,BGTOTALSALES,RETURNAMT,0,,,,,,,,,,,,,,,6,,,1,34,2,,,false,,,,,,,,,,,,,,,,,,,,,,,false,,,,,,,,,,,
,,BGTOTALSALES,RSP,0,,,,,,,,,,,,,,,6,,,1,31,2,,,false,,,,,,,,,,,,,,,,,,,,,,,false,,,,,,,,,,,
,,BGTOTALSALES,SALEAMT,0,,,,,,,,,,,,,,,6,,,1,30,2,,,false,,,,,,,,,,,,,,,,,,,,,,,false,,,,,,,,,,,
,,BGTOTALSALES,SALEQTY,0,,,,,,,,,,,,,,,6,,,1,35,2,,,false,,,,,,,,,,,,,,,,,,,,,,,false,,,,,,,,,,,
,,BGTOTALSALES,SECTION,0,,,,,,,,,,,,,,,12,,,1,4,2,,,false,,,,,,,,,,,,,,,,,,,,,,,false,,,,,,,,,,,
,,BGTOTALSALES,TAXAMT,0,,,,,,,,,,,,,,,6,,,1,18,2,,,false,,,,,,,,,,,,,,,,,,,,,,,false,,,,,,,,,,,
,,BGTOTALSALES,TOTALDISCOUNTAMT,0,,,,,,,,,,,,,,,6,,,1,39,2,,,false,,,,,,,,,,,,,,,,,,,,,,,false,,,,,,,,,,,
,,BGWEEKLYSALES,,,0,u,,7,10,,,false,,,false,false,,,,,,,,,,,,,,,,,,,,,,,,,,,,,,,,false,-1,,false,0,false,,false,,,1,0,,
,,BGWEEKLYSALES,DIVISION,0,,,,,,,,,,,,,,,12,,,1,4,2,,,false,,,,,,,,,,,,,,,,,,,,,,,false,,,,,,,,,,,
,,BGWEEKLYSALES,ENDWEEK,0,,,,,,,,,,,,,,,91,,,1,3,2,,,false,,,,,,,,,,,,,,,,,,,,,,,false,,,,,,,,,,,
,,BGWEEKLYSALES,ICODE,0,,,,,,,,,,,,,,,12,,,1,5,2,,,false,,,,,,,,,,,,,,,,,,,,,,,false,,,,,,,,,,,
,,BGWEEKLYSALES,ID,,,,,,,,,,,,,,,,12,,,0,1,2,,,false,1,,,,,,,,,,,,,,,,,,,,,,false,,,,,,,,,,,
,,BGWEEKLYSALES,QTY,0,,,,,,,,,,,,,,,8,,,1,6,2,,,false,,,,,,,,,,,,,,,,,,,,,,,false,,,,,,,,,,,
,,BGWEEKLYSALES,STARTWEEK,0,,,,,,,,,,,,,,,91,,,1,2,2,,,false,,,,,,,,,,,,,,,,,,,,,,,false,,,,,,,,,,,
,,BM_FEATURES,,,0,u,,9,5,,,false,,,false,false,,,,,,,,,,,,,,,,,,,,,,,,,,,,,,,,false,-1,,false,0,false,,false,,,1,0,,
,,BM_FEATURES,ADMSITE_CODE,0,,,,,,,,,,,,,,,12,,,1,1,2,,,false,,,,,,,,,,,,,,,,,,,,,,,false,,,,,,,,,,,
,,BM_FEATURES,DATETIME,0,,,,,,,,,,,,,,,91,,,1,2,2,,,false,,,,,,,,,,,,,,,,,,,,,,,false,,,,,,,,,,,
,,BM_FEATURES,DAY_OF_WEEK,0,,,,,,,,,,,,,,,12,,,1,5,2,,,false,,,,,,,,,,,,,,,,,,,,,,,false,,,,,,,,,,,
,,BM_FEATURES,HOLIDAY_BOOLEAN,0,,,,,,,,,,,,,,,4,,,1,7,2,,,false,,,,,,,,,,,,,,,,,,,,,,,false,,,,,,,,,,,
,,BM_FEATURES,ID,,,,,,,,,,,,,,,,12,,,0,3,2,,,false,1,,,,,,,,,,,,,,,,,,,,,,false,,,,,,,,,,,
,,BM_FEATURES,IMPORTANCE,0,,,,,,,,,,,,,,,4,,,1,6,2,,,false,,,,,,,,,,,,,,,,,,,,,,,false,,,,,,,,,,,
,,BM_FEATURES,SEASON,0,,,,,,,,,,,,,,,12,,,1,8,2,,,false,,,,,,,,,,,,,,,,,,,,,,,false,,,,,,,,,,,
,,BM_FEATURES,WEATHER_STATUS,0,,,,,,,,,,,,,,,12,,,1,4,2,,,false,,,,,,,,,,,,,,,,,,,,,,,false,,,,,,,,,,,
,,CITYSTAT,,,0,u,,9,,,,false,,,false,false,,,,,,,,,,,,,,,,,,,,,,,,,,,,,,,,false,-1,,false,0,false,,false,,,1,0,,
,,CITYSTAT,CITY,0,,,,,,,,,,,,,,,12,,,1,1,2,,,false,,,,,,,,,,,,,,,,,,,,,,,false,,,,,,,,,,,
,,CITYSTAT,DDATE,0,,,,,,,,,,,,,,,91,,,1,8,2,,,false,,,,,,,,,,,,,,,,,,,,,,,false,,,,,,,,,,,
,,CITYSTAT,DIESEL,0,,,,,,,,,,,,,,,12,,,1,6,2,,,false,,,,,,,,,,,,,,,,,,,,,,,false,,,,,,,,,,,
,,CITYSTAT,KEROSENE,0,,,,,,,,,,,,,,,12,,,1,7,2,,,false,,,,,,,,,,,,,,,,,,,,,,,false,,,,,,,,,,,
,,CITYSTAT,MAXTEMP,0,,,,,,,,,,,,,,,12,,,1,2,2,,,false,,,,,,,,,,,,,,,,,,,,,,,false,,,,,,,,,,,
,,CITYSTAT,MINTEMP,0,,,,,,,,,,,,,,,12,,,1,3,2,,,false,,,,,,,,,,,,,,,,,,,,,,,false,,,,,,,,,,,
,,CITYSTAT,ONEDAY_RAIN,0,,,,,,,,,,,,,,,12,,,1,4,2,,,false,,,,,,,,,,,,,,,,,,,,,,,false,,,,,,,,,,,
,,CITYSTAT,PETROL,0,,,,,,,,,,,,,,,12,,,1,5,2,,,false,,,,,,,,,,,,,,,,,,,,,,,false,,,,,,,,,,,
,,CITYSTAT,UKEY,,,,,,,,,,,,,,,,12,,,0,9,2,,,false,1,,,,,,,,,,,,,,,,,,,,,,false,,,,,,,,,,,
,,CRUMBS_ORDERS,,,0,u,,35,6,,,false,,,false,false,,,,,,,,,,,,,,,,,,,,,,,,,,,,,,,,false,-1,,false,0,false,,false,,,1,0,,
,,CRUMBS_ORDERS,CATEGORY1,0,,,,,,,,,,,,,,,12,,,1,2,2,,,false,,,,,,,,,,,,,,,,,,,,,,,false,,,,,,,,,,,
,,CRUMBS_ORDERS,DELIVERY_STATUS,0,,,,,,,,,,,,,,,12,,,1,3,2,,,false,,,,,,,,,,,,,,,,,,,,,,,false,,,,,,,,,,,
,,CRUMBS_ORDERS,ID,,,,,,,,,,,,,,,,12,,,0,1,2,,,false,1,,,,,,,,,,,,,,,,,,,,,,false,,,,,,,,,,,
,,CRUMBS_ORDERS,IS_SPLITTED,0,,,,,,,,,,,,,,,12,,,1,4,2,,,false,,,,,,,,,,,,,,,,,,,,,,,false,,,,,,,,,,,
,,CRUMBS_ORDERS,NEWQUANTITY,0,,,,,,,,,,,,,,,8,,,1,5,2,,,false,,,,,,,,,,,,,,,,,,,,,,,false,,,,,,,,,,,
,,CRUMBS_ORDERS,ORDER_CREATED_AT,0,,,,,,,,,,,,,,,93,,,1,6,2,,,false,,,,,,,,,,,,,,,,,,,,,,,false,,,,,,,,,,,
,,CRUMBS_ORDERS,ORDER_CREATED_AT_TIMEZONE,0,,,,,,,,,,,,,,,12,,,1,7,2,,,false,,,,,,,,,,,,,,,,,,,,,,,false,,,,,,,,,,,
,,CRUMBS_ORDERS,ORDER_CREATED_AT_TIMEZONE_TYPE,0,,,,,,,,,,,,,,,12,,,1,8,2,,,false,,,,,,,,,,,,,,,,,,,,,,,false,,,,,,,,,,,
,,CRUMBS_ORDERS,ORDER_DATE,0,,,,,,,,,,,,,,,93,,,1,9,2,,,false,,,,,,,,,,,,,,,,,,,,,,,false,,,,,,,,,,,
,,CRUMBS_ORDERS,ORDER_ID,0,,,,,,,,,,,,,,,12,,,1,10,2,,,false,,,,,,,,,,,,,,,,,,,,,,,false,,,,,,,,,,,
,,CRUMBS_ORDERS,ORDER_NUMBER,0,,,,,,,,,,,,,,,12,,,1,11,2,,,false,,,,,,,,,,,,,,,,,,,,,,,false,,,,,,,,,,,
,,CRUMBS_ORDERS,ORDER_PENDING_TIME,0,,,,,,,,,,,,,,,93,,,1,12,2,,,false,,,,,,,,,,,,,,,,,,,,,,,false,,,,,,,,,,,
,,CRUMBS_ORDERS,ORDER_PROCESSING_TIME,0,,,,,,,,,,,,,,,93,,,1,13,2,,,false,,,,,,,,,,,,,,,,,,,,,,,false,,,,,,,,,,,
,,CRUMBS_ORDERS,ORDER_UPDATED_AT_TIMEZONE,0,,,,,,,,,,,,,,,12,,,1,15,2,,,false,,,,,,,,,,,,,,,,,,,,,,,false,,,,,,,,,,,
,,CRUMBS_ORDERS,ORDER_UPDATED_AT_TIMEZONE_TYPE,0,,,,,,,,,,,,,,,12,,,1,16,2,,,false,,,,,,,,,,,,,,,,,,,,,,,false,,,,,,,,,,,
,,CRUMBS_ORDERS,ORDER_UPDATE_AT,0,,,,,,,,,,,,,,,93,,,1,14,2,,,false,,,,,,,,,,,,,,,,,,,,,,,false,,,,,,,,,,,
,,CRUMBS_ORDERS,PACKAGE_TYPE,0,,,,,,,,,,,,,,,12,,,1,17,2,,,false,,,,,,,,,,,,,,,,,,,,,,,false,,,,,,,,,,,
,,CRUMBS_ORDERS,PARENT_ID,0,,,,,,,,,,,,,,,12,,,1,18,2,,,false,,,,,,,,,,,,,,,,,,,,,,,false,,,,,,,,,,,
,,CRUMBS_ORDERS,PRICE,0,,,,,,,,,,,,,,,8,,,1,19,2,,,false,,,,,,,,,,,,,,,,,,,,,,,false,,,,,,,,,,,
,,CRUMBS_ORDERS,PRODUCT_CODE,0,,,,,,,,,,,,,,,12,,,1,20,2,,,false,,,,,,,,,,,,,,,,,,,,,,,false,,,,,,,,,,,
,,CRUMBS_ORDERS,PRODUCT_CREATED_AT,0,,,,,,,,,,,,,,,93,,,1,21,2,,,false,,,,,,,,,,,,,,,,,,,,,,,false,,,,,,,,,,,
,,CRUMBS_ORDERS,PRODUCT_CREATED_AT_TIMEZONE,0,,,,,,,,,,,,,,,12,,,1,22,2,,,false,,,,,,,,,,,,,,,,,,,,,,,false,,,,,,,,,,,
,,CRUMBS_ORDERS,PRODUCT_CREATED_AT_TIMEZONE_TYPE,0,,,,,,,,,,,,,,,12,,,1,23,2,,,false,,,,,,,,,,,,,,,,,,,,,,,false,,,,,,,,,,,
,,CRUMBS_ORDERS,PRODUCT_NAME,0,,,,,,,,,,,,,,,12,,,1,24,2,,,false,,,,,,,,,,,,,,,,,,,,,,,false,,,,,,,,,,,
,,CRUMBS_ORDERS,PRODUCT_UPDATED_AT,0,,,,,,,,,,,,,,,93,,,1,25,2,,,false,,,,,,,,,,,,,,,,,,,,,,,false,,,,,,,,,,,
,,CRUMBS_ORDERS,PRODUCT_UPDATED_AT_TIMEZONE,0,,,,,,,,,,,,,,,12,,,1,26,2,,,false,,,,,,,,,,,,,,,,,,,,,,,false,,,,,,,,,,,
,,CRUMBS_ORDERS,PRODUCT_UPDATED_AT_TIMEZONE_TYPE,0,,,,,,,,,,,,,,,12,,,1,27,2,,,false,,,,,,,,,,,,,,,,,,,,,,,false,,,,,,,,,,,
,,CRUMBS_ORDERS,QUANTITY,0,,,,,,,,,,,,,,,8,,,1,28,2,,,false,,,,,,,,,,,,,,,,,,,,,,,false,,,,,,,,,,,
,,CRUMBS_ORDERS,REAL_DELIVERY_TIME,0,,,,,,,,,,,,,,,93,,,1,29,2,,,false,,,,,,,,,,,,,,,,,,,,,,,false,,,,,,,,,,,
,,CRUMBS_ORDERS,REAL_PICKUP_TIME,0,,,,,,,,,,,,,,,93,,,1,30,2,,,false,,,,,,,,,,,,,,,,,,,,,,,false,,,,,,,,,,,
,,CRUMBS_ORDERS,REMARKS,0,,,,,,,,,,,,,,,12,,,1,31,2,,,false,,,,,,,,,,,,,,,,,,,,,,,false,,,,,,,,,,,
,,CRUMBS_ORDERS,STATUS,0,,,,,,,,,,,,,,,12,,,1,32,2,,,false,,,,,,,,,,,,,,,,,,,,,,,false,,,,,,,,,,,
,,CRUMBS_ORDERS,STORE_ID,0,,,,,,,,,,,,,,,12,,,1,33,2,,,false,,,,,,,,,,,,,,,,,,,,,,,false,,,,,,,,,,,
,,CRUMBS_ORDERS,STORE_USER_ID,0,,,,,,,,,,,,,,,12,,,1,34,2,,,false,,,,,,,,,,,,,,,,,,,,,,,false,,,,,,,,,,,
,,CRUMBS_PRODUCTS,,,0,u,,17,6,,,false,,,false,false,,,,,,,,,,,,,,,,,,,,,,,,,,,,,,,,false,-1,,false,0,false,,false,,,1,0,,
,,CRUMBS_PRODUCTS,ABOUT,0,,,,,,,,,,,,,,,12,,,1,2,2,,,false,,,,,,,,,,,,,,,,,,,,,,,false,,,,,,,,,,,
,,CRUMBS_PRODUCTS,CATEGORY1,0,,,,,,,,,,,,,,,12,,,1,3,2,,,false,,,,,,,,,,,,,,,,,,,,,,,false,,,,,,,,,,,
,,CRUMBS_PRODUCTS,CATEGORY2,0,,,,,,,,,,,,,,,12,,,1,16,2,,,false,,,,,,,,,,,,,,,,,,,,,,,false,,,,,,,,,,,
,,CRUMBS_PRODUCTS,CREATED_AT,0,,,,,,,,,,,,,,,93,,,1,4,2,,,false,,,,,,,,,,,,,,,,,,,,,,,false,,,,,,,,,,,
,,CRUMBS_PRODUCTS,CREATED_AT_TIMEZONE,0,,,,,,,,,,,,,,,12,,,1,5,2,,,false,,,,,,,,,,,,,,,,,,,,,,,false,,,,,,,,,,,
,,CRUMBS_PRODUCTS,CREATED_AT_TIMEZONE_TYPE,0,,,,,,,,,,,,,,,12,,,1,6,2,,,false,,,,,,,,,,,,,,,,,,,,,,,false,,,,,,,,,,,
,,CRUMBS_PRODUCTS,ID,,,,,,,,,,,,,,,,12,,,0,1,2,,,false,1,,,,,,,,,,,,,,,,,,,,,,false,,,,,,,,,,,
,,CRUMBS_PRODUCTS,IS_ACTIVE,0,,,,,,,,,,,,,,,12,,,1,7,2,,,false,,,,,,,,,,,,,,,,,,,,,,,false,,,,,,,,,,,
,,CRUMBS_PRODUCTS,MRP,0,,,,,,,,,,,,,,,8,,,1,8,2,,,false,,,,,,,,,,,,,,,,,,,,,,,false,,,,,,,,,,,
,,CRUMBS_PRODUCTS,PRODUCT_CODE,0,,,,,,,,,,,,,,,12,,,1,9,2,,,false,,,,,,,,,,,,,,,,,,,,,,,false,,,,,,,,,,,
,,CRUMBS_PRODUCTS,TITLE,0,,,,,,,,,,,,,,,12,,,1,10,2,,,false,,,,,,,,,,,,,,,,,,,,,,,false,,,,,,,,,,,
,,CRUMBS_PRODUCTS,UPDATED_AT,0,,,,,,,,,,,,,,,93,,,1,11,2,,,false,,,,,,,,,,,,,,,,,,,,,,,false,,,,,,,,,,,
,,CRUMBS_PRODUCTS,UPDATED_AT_TIMEZONE,0,,,,,,,,,,,,,,,12,,,1,12,2,,,false,,,,,,,,,,,,,,,,,,,,,,,false,,,,,,,,,,,
,,CRUMBS_PRODUCTS,UPDATED_AT_TIMEZONE_TYPE,0,,,,,,,,,,,,,,,12,,,1,13,2,,,false,,,,,,,,,,,,,,,,,,,,,,,false,,,,,,,,,,,
,,CRUMBS_PRODUCTS,WEIGHT,0,,,,,,,,,,,,,,,8,,,1,14,2,,,false,,,,,,,,,,,,,,,,,,,,,,,false,,,,,,,,,,,
,,CRUMBS_PRODUCTS,WEIGHT_UNIT,0,,,,,,,,,,,,,,,12,,,1,15,2,,,false,,,,,,,,,,,,,,,,,,,,,,,false,,,,,,,,,,,
,,CRUMBS_STORES,,,0,u,,31,4,,,false,,,false,false,,,,,,,,,,,,,,,,,,,,,,,,,,,,,,,,false,-1,,false,0,false,,false,,,1,0,,
,,CRUMBS_STORES,ADDRESS,0,,,,,,,,,,,,,,,12,,,1,9,2,,,false,,,,,,,,,,,,,,,,,,,,,,,false,,,,,,,,,,,
,,CRUMBS_STORES,CONTACT_CODE,0,,,,,,,,,,,,,,,12,,,1,22,2,,,false,,,,,,,,,,,,,,,,,,,,,,,false,,,,,,,,,,,
,,CRUMBS_STORES,CONTACT_NAME,0,,,,,,,,,,,,,,,12,,,1,20,2,,,false,,,,,,,,,,,,,,,,,,,,,,,false,,,,,,,,,,,
,,CRUMBS_STORES,CREATED_AT,0,,,,,,,,,,,,,,,93,,,1,29,2,,,false,,,,,,,,,,,,,,,,,,,,,,,false,,,,,,,,,,,
,,CRUMBS_STORES,CREATED_AT_TIMEZONE,0,,,,,,,,,,,,,,,12,,,1,26,2,,,false,,,,,,,,,,,,,,,,,,,,,,,false,,,,,,,,,,,
,,CRUMBS_STORES,CREATED_AT_TIMEZONE_TYPE,0,,,,,,,,,,,,,,,12,,,1,25,2,,,false,,,,,,,,,,,,,,,,,,,,,,,false,,,,,,,,,,,
,,CRUMBS_STORES,EMAIL,0,,,,,,,,,,,,,,,12,,,1,18,2,,,false,,,,,,,,,,,,,,,,,,,,,,,false,,,,,,,,,,,
,,CRUMBS_STORES,EMAIL2,0,,,,,,,,,,,,,,,12,,,1,19,2,,,false,,,,,,,,,,,,,,,,,,,,,,,false,,,,,,,,,,,
,,CRUMBS_STORES,FAX,0,,,,,,,,,,,,,,,12,,,1,17,2,,,false,,,,,,,,,,,,,,,,,,,,,,,false,,,,,,,,,,,
,,CRUMBS_STORES,ID,,,,,,,,,,,,,,,,12,,,0,1,2,,,false,1,,,,,,,,,,,,,,,,,,,,,,false,,,,,,,,,,,
,,CRUMBS_STORES,LATITUDE,0,,,,,,,,,,,,,,,12,,,1,11,2,,,false,,,,,,,,,,,,,,,,,,,,,,,false,,,,,,,,,,,
,,CRUMBS_STORES,LONGITUDE,0,,,,,,,,,,,,,,,12,,,1,12,2,,,false,,,,,,,,,,,,,,,,,,,,,,,false,,,,,,,,,,,
,,CRUMBS_STORES,MOBILE_NUMBER,0,,,,,,,,,,,,,,,12,,,1,13,2,,,false,,,,,,,,,,,,,,,,,,,,,,,false,,,,,,,,,,,
,,CRUMBS_STORES,PHONE,0,,,,,,,,,,,,,,,12,,,1,14,2,,,false,,,,,,,,,,,,,,,,,,,,,,,false,,,,,,,,,,,
,,CRUMBS_STORES,PHONE2,0,,,,,,,,,,,,,,,12,,,1,15,2,,,false,,,,,,,,,,,,,,,,,,,,,,,false,,,,,,,,,,,
,,CRUMBS_STORES,PHONE3,0,,,,,,,,,,,,,,,12,,,1,16,2,,,false,,,,,,,,,,,,,,,,,,,,,,,false,,,,,,,,,,,
,,CRUMBS_STORES,POST_CODE,0,,,,,,,,,,,,,,,12,,,1,8,2,,,false,,,,,,,,,,,,,,,,,,,,,,,false,,,,,,,,,,,
,,CRUMBS_STORES,REGISTERED_NAME,0,,,,,,,,,,,,,,,12,,,1,4,2,,,false,,,,,,,,,,,,,,,,,,,,,,,false,,,,,,,,,,,
,,CRUMBS_STORES,STATUS,0,,,,,,,,,,,,,,,12,,,1,24,2,,,false,,,,,,,,,,,,,,,,,,,,,,,false,,,,,,,,,,,
,,CRUMBS_STORES,STORE_CODE,0,,,,,,,,,,,,,,,12,,,1,6,2,,,false,,,,,,,,,,,,,,,,,,,,,,,false,,,,,,,,,,,
,,CRUMBS_STORES,STORE_ID,0,,,,,,,,,,,,,,,12,,,1,2,2,,,false,,,,,,,,,,,,,,,,,,,,,,,false,,,,,,,,,,,
,,CRUMBS_STORES,STORE_NAME,0,,,,,,,,,,,,,,,12,,,1,3,2,,,false,,,,,,,,,,,,,,,,,,,,,,,false,,,,,,,,,,,
,,CRUMBS_STORES,STORE_PARENT_COMPANY,0,,,,,,,,,,,,,,,12,,,1,7,2,,,false,,,,,,,,,,,,,,,,,,,,,,,false,,,,,,,,,,,
,,CRUMBS_STORES,STORE_SHORT_NAME,0,,,,,,,,,,,,,,,12,,,1,5,2,,,false,,,,,,,,,,,,,,,,,,,,,,,false,,,,,,,,,,,
,,CRUMBS_STORES,STREET_ADDRESS,0,,,,,,,,,,,,,,,12,,,1,10,2,,,false,,,,,,,,,,,,,,,,,,,,,,,false,,,,,,,,,,,
,,CRUMBS_STORES,TAX_REGION,0,,,,,,,,,,,,,,,12,,,1,21,2,,,false,,,,,,,,,,,,,,,,,,,,,,,false,,,,,,,,,,,
,,CRUMBS_STORES,UPDATED_AT,0,,,,,,,,,,,,,,,93,,,1,30,2,,,false,,,,,,,,,,,,,,,,,,,,,,,false,,,,,,,,,,,
,,CRUMBS_STORES,UPDATED_AT_TIMEZONE,0,,,,,,,,,,,,,,,12,,,1,28,2,,,false,,,,,,,,,,,,,,,,,,,,,,,false,,,,,,,,,,,
,,CRUMBS_STORES,UPDATED_AT_TIMEZONE_TYPE,0,,,,,,,,,,,,,,,12,,,1,27,2,,,false,,,,,,,,,,,,,,,,,,,,,,,false,,,,,,,,,,,
,,CRUMBS_STORES,WEBSITE,0,,,,,,,,,,,,,,,12,,,1,23,2,,,false,,,,,,,,,,,,,,,,,,,,,,,false,,,,,,,,,,,
,,CRUMBS_USERS,,,0,u,,22,4,,,false,,,false,false,,,,,,,,,,,,,,,,,,,,,,,,,,,,,,,,false,-1,,false,0,false,,false,,,1,0,,
,,CRUMBS_USERS,CREATED_AT,0,,,,,,,,,,,,,,,93,,,1,20,2,,,false,,,,,,,,,,,,,,,,,,,,,,,false,,,,,,,,,,,
,,CRUMBS_USERS,CREATED_AT_TIMEZONE,0,,,,,,,,,,,,,,,12,,,1,17,2,,,false,,,,,,,,,,,,,,,,,,,,,,,false,,,,,,,,,,,
,,CRUMBS_USERS,CREATED_AT_TIMEZONE_TYPE,0,,,,,,,,,,,,,,,12,,,1,16,2,,,false,,,,,,,,,,,,,,,,,,,,,,,false,,,,,,,,,,,
,,CRUMBS_USERS,EMAIL,0,,,,,,,,,,,,,,,12,,,1,3,2,,,false,,,,,,,,,,,,,,,,,,,,,,,false,,,,,,,,,,,
,,CRUMBS_USERS,FIRST_NAME,0,,,,,,,,,,,,,,,12,,,1,5,2,,,false,,,,,,,,,,,,,,,,,,,,,,,false,,,,,,,,,,,
,,CRUMBS_USERS,ID,,,,,,,,,,,,,,,,12,,,0,1,2,,,false,1,,,,,,,,,,,,,,,,,,,,,,false,,,,,,,,,,,
,,CRUMBS_USERS,LAST_LOGIN,0,,,,,,,,,,,,,,,12,,,1,8,2,,,false,,,,,,,,,,,,,,,,,,,,,,,false,,,,,,,,,,,
,,CRUMBS_USERS,LAST_NAME,0,,,,,,,,,,,,,,,12,,,1,7,2,,,false,,,,,,,,,,,,,,,,,,,,,,,false,,,,,,,,,,,
,,CRUMBS_USERS,LATTITUDE,0,,,,,,,,,,,,,,,12,,,1,12,2,,,false,,,,,,,,,,,,,,,,,,,,,,,false,,,,,,,,,,,
,,CRUMBS_USERS,LONGITUDE,0,,,,,,,,,,,,,,,12,,,1,13,2,,,false,,,,,,,,,,,,,,,,,,,,,,,false,,,,,,,,,,,
,,CRUMBS_USERS,MIDDLE_NAME,0,,,,,,,,,,,,,,,12,,,1,6,2,,,false,,,,,,,,,,,,,,,,,,,,,,,false,,,,,,,,,,,
,,CRUMBS_USERS,MOBILE,0,,,,,,,,,,,,,,,12,,,1,10,2,,,false,,,,,,,,,,,,,,,,,,,,,,,false,,,,,,,,,,,
,,CRUMBS_USERS,PHONE,0,,,,,,,,,,,,,,,12,,,1,9,2,,,false,,,,,,,,,,,,,,,,,,,,,,,false,,,,,,,,,,,
,,CRUMBS_USERS,SALES_REGION,0,,,,,,,,,,,,,,,12,,,1,15,2,,,false,,,,,,,,,,,,,,,,,,,,,,,false,,,,,,,,,,,
,,CRUMBS_USERS,SALES_ROLE,0,,,,,,,,,,,,,,,12,,,1,14,2,,,false,,,,,,,,,,,,,,,,,,,,,,,false,,,,,,,,,,,
,,CRUMBS_USERS,UPDATED_AT,0,,,,,,,,,,,,,,,93,,,1,21,2,,,false,,,,,,,,,,,,,,,,,,,,,,,false,,,,,,,,,,,
,,CRUMBS_USERS,UPDATED_AT_TIMEZONE,0,,,,,,,,,,,,,,,12,,,1,19,2,,,false,,,,,,,,,,,,,,,,,,,,,,,false,,,,,,,,,,,
,,CRUMBS_USERS,UPDATED_AT_TIMEZONE_TYPE,0,,,,,,,,,,,,,,,12,,,1,18,2,,,false,,,,,,,,,,,,,,,,,,,,,,,false,,,,,,,,,,,
,,CRUMBS_USERS,USERNAME,0,,,,,,,,,,,,,,,12,,,1,4,2,,,false,,,,,,,,,,,,,,,,,,,,,,,false,,,,,,,,,,,
,,CRUMBS_USERS,USER_ID,0,,,,,,,,,,,,,,,12,,,1,2,2,,,false,,,,,,,,,,,,,,,,,,,,,,,false,,,,,,,,,,,
,,CRUMBS_USERS,USER_TYPE,0,,,,,,,,,,,,,,,12,,,1,11,2,,,false,,,,,,,,,,,,,,,,,,,,,,,false,,,,,,,,,,,
,,FRESHWASTAGE,,,0,u,,16,,,,false,,,false,false,,,,,,,,,,,,,,,,,,,,,,,,,,,,,,,,false,-1,,false,0,false,,false,,,1,0,,
,,FRESHWASTAGE,AUTHORIZEDON,0,,,,,,,,,,,,,,,93,,,1,1,2,,,false,,,,,,,,,,,,,,,,,,,,,,,false,,,,,,,,,,,
,,FRESHWASTAGE,BARCODE,0,,,,,,,,,,,,,,,12,,,1,2,2,,,false,,,,,,,,,,,,,,,,,,,,,,,false,,,,,,,,,,,
,,FRESHWASTAGE,CAT1,0,,,,,,,,,,,,,,,12,,,1,3,2,,,false,,,,,,,,,,,,,,,,,,,,,,,false,,,,,,,,,,,
,,FRESHWASTAGE,CAT2,0,,,,,,,,,,,,,,,12,,,1,4,2,,,false,,,,,,,,,,,,,,,,,,,,,,,false,,,,,,,,,,,
,,FRESHWASTAGE,CODE,0,,,,,,,,,,,,,,,12,,,1,14,2,,,false,,,,,,,,,,,,,,,,,,,,,,,false,,,,,,,,,,,
,,FRESHWASTAGE,DEPARTMENT,0,,,,,,,,,,,,,,,12,,,1,5,2,,,false,,,,,,,,,,,,,,,,,,,,,,,false,,,,,,,,,,,
,,FRESHWASTAGE,DIVISION,0,,,,,,,,,,,,,,,12,,,1,6,2,,,false,,,,,,,,,,,,,,,,,,,,,,,false,,,,,,,,,,,
,,FRESHWASTAGE,ID,,,,,,,,,,,,,,,,12,,,0,16,2,,,false,1,,,,,,,,,,,,,,,,,,,,,,false,,,,,,,,,,,
,,FRESHWASTAGE,ITEMID,0,,,,,,,,,,,,,,,12,,,1,7,2,,,false,,,,,,,,,,,,,,,,,,,,,,,false,,,,,,,,,,,
,,FRESHWASTAGE,LASTRECEIVEDATE,0,,,,,,,,,,,,,,,93,,,1,8,2,,,false,,,,,,,,,,,,,,,,,,,,,,,false,,,,,,,,,,,
,,FRESHWASTAGE,MRP,0,,,,,,,,,,,,,,,6,,,1,11,2,,,false,,,,,,,,,,,,,,,,,,,,,,,false,,,,,,,,,,,
,,FRESHWASTAGE,QTY,0,,,,,,,,,,,,,,,6,,,1,10,2,,,false,,,,,,,,,,,,,,,,,,,,,,,false,,,,,,,,,,,
,,FRESHWASTAGE,RATE,0,,,,,,,,,,,,,,,6,,,1,9,2,,,false,,,,,,,,,,,,,,,,,,,,,,,false,,,,,,,,,,,
,,FRESHWASTAGE,REPORTDATE,0,,,,,,,,,,,,,,,93,,,1,12,2,,,false,,,,,,,,,,,,,,,,,,,,,,,false,,,,,,,,,,,
,,FRESHWASTAGE,SECTION,0,,,,,,,,,,,,,,,12,,,1,13,2,,,false,,,,,,,,,,,,,,,,,,,,,,,false,,,,,,,,,,,
,,FRESHWASTAGE,SITENAME,0,,,,,,,,,,,,,,,12,,,1,15,2,,,false,,,,,,,,,,,,,,,,,,,,,,,false,,,,,,,,,,,
,,HOURWEATHER,,,0,u,,14,,,,false,,,false,false,,,,,,,,,,,,,,,,,,,,,,,,,,,,,,,,false,-1,,false,0,false,,false,,,1,0,,
,,HOURWEATHER,CLOUDS,0,,,,,,,,,,,,,,,12,,,1,2,2,,,false,,,,,,,,,,,,,,,,,,,,,,,false,,,,,,,,,,,
,,HOURWEATHER,DATE,0,,,,,,,,,,,,,,,12,,,1,13,2,,,false,,,,,,,,,,,,,,,,,,,,,,,false,,,,,,,,,,,
,,HOURWEATHER,DESCRIPTION,0,,,,,,,,,,,,,,,12,,,1,3,2,,,false,,,,,,,,,,,,,,,,,,,,,,,false,,,,,,,,,,,
,,HOURWEATHER,HOUR,0,,,,,,,,,,,,,,,12,,,1,1,2,,,false,,,,,,,,,,,,,,,,,,,,,,,false,,,,,,,,,,,
,,HOURWEATHER,HUMIDITY,0,,,,,,,,,,,,,,,12,,,1,4,2,,,false,,,,,,,,,,,,,,,,,,,,,,,false,,,,,,,,,,,
,,HOURWEATHER,POLLUTION,0,,,,,,,,,,,,,,,6,,,1,12,2,,,false,,,,,,,,,,,,,,,,,,,,,,,false,,,,,,,,,,,
,,HOURWEATHER,PRESSURE,0,,,,,,,,,,,,,,,12,,,1,5,2,,,false,,,,,,,,,,,,,,,,,,,,,,,false,,,,,,,,,,,
,,HOURWEATHER,RAIN,0,,,,,,,,,,,,,,,6,,,1,6,2,,,false,,,,,,,,,,,,,,,,,,,,,,,false,,,,,,,,,,,
,,HOURWEATHER,SUNRISE,0,,,,,,,,,,,,,,,93,,,1,7,2,,,false,,,,,,,,,,,,,,,,,,,,,,,false,,,,,,,,,,,
,,HOURWEATHER,SUNSET,0,,,,,,,,,,,,,,,93,,,1,8,2,,,false,,,,,,,,,,,,,,,,,,,,,,,false,,,,,,,,,,,
,,HOURWEATHER,TITLE,0,,,,,,,,,,,,,,,12,,,1,9,2,,,false,,,,,,,,,,,,,,,,,,,,,,,false,,,,,,,,,,,
,,HOURWEATHER,UKEY,,,,,,,,,,,,,,,,12,,,0,14,2,,,false,1,,,,,,,,,,,,,,,,,,,,,,false,,,,,,,,,,,
,,HOURWEATHER,WIND_DEGREE,0,,,,,,,,,,,,,,,12,,,1,10,2,,,false,,,,,,,,,,,,,,,,,,,,,,,false,,,,,,,,,,,
,,HOURWEATHER,WIND_SPEED,0,,,,,,,,,,,,,,,12,,,1,11,2,,,false,,,,,,,,,,,,,,,,,,,,,,,false,,,,,,,,,,,
,,KTMSTAT,,,0,u,,16,,,,false,,,false,false,,,,,,,,,,,,,,,,,,,,,,,,,,,,,,,,false,-1,,false,0,false,,false,,,1,0,,
,,KTMSTAT,AIR,0,,,,,,,,,,,,,,,12,,,1,13,2,,,false,,,,,,,,,,,,,,,,,,,,,,,false,,,,,,,,,,,
,,KTMSTAT,AVIATION,0,,,,,,,,,,,,,,,12,,,1,10,2,,,false,,,,,,,,,,,,,,,,,,,,,,,false,,,,,,,,,,,
,,KTMSTAT,DDATE,,,,,,,,,,,,,,,,91,,,0,12,2,,,false,1,,,,,,,,,,,,,,,,,,,,,,false,,,,,,,,,,,
,,KTMSTAT,DIESEL,0,,,,,,,,,,,,,,,12,,,1,8,2,,,false,,,,,,,,,,,,,,,,,,,,,,,false,,,,,,,,,,,
,,KTMSTAT,KEROSENE,0,,,,,,,,,,,,,,,12,,,1,9,2,,,false,,,,,,,,,,,,,,,,,,,,,,,false,,,,,,,,,,,
,,KTMSTAT,LPG,0,,,,,,,,,,,,,,,12,,,1,11,2,,,false,,,,,,,,,,,,,,,,,,,,,,,false,,,,,,,,,,,
,,KTMSTAT,MAXTEMP_D,0,,,,,,,,,,,,,,,12,,,1,2,2,,,false,,,,,,,,,,,,,,,,,,,,,,,false,,,,,,,,,,,
,,KTMSTAT,MAXTEMP_N,0,,,,,,,,,,,,,,,12,,,1,5,2,,,false,,,,,,,,,,,,,,,,,,,,,,,false,,,,,,,,,,,
,,KTMSTAT,PETROL,0,,,,,,,,,,,,,,,12,,,1,7,2,,,false,,,,,,,,,,,,,,,,,,,,,,,false,,,,,,,,,,,
,,KTMSTAT,RAINPROB_N,0,,,,,,,,,,,,,,,12,,,1,6,2,,,false,,,,,,,,,,,,,,,,,,,,,,,false,,,,,,,,,,,
,,KTMSTAT,RAINPROPB_D,0,,,,,,,,,,,,,,,12,,,1,3,2,,,false,,,,,,,,,,,,,,,,,,,,,,,false,,,,,,,,,,,
,,KTMSTAT,R_HUMIDITY,0,,,,,,,,,,,,,,,12,,,1,14,2,,,false,,,,,,,,,,,,,,,,,,,,,,,false,,,,,,,,,,,
,,KTMSTAT,SUNRISE,0,,,,,,,,,,,,,,,12,,,1,15,2,,,false,,,,,,,,,,,,,,,,,,,,,,,false,,,,,,,,,,,
,,KTMSTAT,SUNSET,0,,,,,,,,,,,,,,,12,,,1,16,2,,,false,,,,,,,,,,,,,,,,,,,,,,,false,,,,,,,,,,,
,,KTMSTAT,WEATHER_D,0,,,,,,,,,,,,,,,12,,,1,1,2,,,false,,,,,,,,,,,,,,,,,,,,,,,false,,,,,,,,,,,
,,KTMSTAT,WEATHER_N,0,,,,,,,,,,,,,,,12,,,1,4,2,,,false,,,,,,,,,,,,,,,,,,,,,,,false,,,,,,,,,,,
,,KTMWEATHER_FORECAST,,,0,u,,5,4,,,false,,,false,false,,,,,,,,,,,,,,,,,,,,,,,,,,,,,,,,false,-1,,false,0,false,,false,,,1,0,,
,,KTMWEATHER_FORECAST,DATETIME,0,,,,,,,,,,,,,,,93,,,1,2,2,,,false,,,,,,,,,,,,,,,,,,,,,,,false,,,,,,,,,,,
,,KTMWEATHER_FORECAST,ID,,,,,,,,,,,,,,,,12,,,0,1,2,,,false,1,,,,,,,,,,,,,,,,,,,,,,false,,,,,,,,,,,
,,KTMWEATHER_FORECAST,RECEPTION_TIME,0,,,,,,,,,,,,,,,93,,,1,4,2,,,false,,,,,,,,,,,,,,,,,,,,,,,false,,,,,,,,,,,
,,KTMWEATHER_FORECAST,WEATHER_STATUS,0,,,,,,,,,,,,,,,12,,,1,3,2,,,false,,,,,,,,,,,,,,,,,,,,,,,false,,,,,,,,,,,
,,KTMWEATHER,,,0,u,,6,4,,,false,,,false,false,,,,,,,,,,,,,,,,,,,,,,,,,,,,,,,,false,-1,,false,0,false,,false,,,1,0,,
,,KTMWEATHER,DATETIME,0,,,,,,,,,,,,,,,93,,,1,2,2,,,false,,,,,,,,,,,,,,,,,,,,,,,false,,,,,,,,,,,
,,KTMWEATHER,ID,,,,,,,,,,,,,,,,12,,,0,1,2,,,false,1,,,,,,,,,,,,,,,,,,,,,,false,,,,,,,,,,,
,,KTMWEATHER,RECEPTION_TIME,0,,,,,,,,,,,,,,,93,,,1,5,2,,,false,,,,,,,,,,,,,,,,,,,,,,,false,,,,,,,,,,,
,,KTMWEATHER,WEATHER_DESCRIPTION,0,,,,,,,,,,,,,,,12,,,1,4,2,,,false,,,,,,,,,,,,,,,,,,,,,,,false,,,,,,,,,,,
,,KTMWEATHER,WEATHER_STATUS,0,,,,,,,,,,,,,,,12,,,1,3,2,,,false,,,,,,,,,,,,,,,,,,,,,,,false,,,,,,,,,,,
,,NBOT_CITY_D,,,0,u,,6,,,,false,,,false,false,,,,,,,,,,,,,,,,,,,,,,,,,,,,,,,,false,-1,,false,0,false,,false,,,1,0,,
,,NBOT_CITY_D,CITY,0,,,,,,,,,,,,,,,12,,,1,1,2,,,false,,,,,,,,,,,,,,,,,,,,,,,false,,,,,,,,,,,
,,NBOT_CITY_D,DDATE,0,,,,,,,,,,,,,,,91,,,1,5,2,,,false,,,,,,,,,,,,,,,,,,,,,,,false,,,,,,,,,,,
,,NBOT_CITY_D,MAXTEMP,0,,,,,,,,,,,,,,,12,,,1,2,2,,,false,,,,,,,,,,,,,,,,,,,,,,,false,,,,,,,,,,,
,,NBOT_CITY_D,MINTEMP,0,,,,,,,,,,,,,,,12,,,1,3,2,,,false,,,,,,,,,,,,,,,,,,,,,,,false,,,,,,,,,,,
,,NBOT_CITY_D,ONEDAY_RAIN,0,,,,,,,,,,,,,,,12,,,1,4,2,,,false,,,,,,,,,,,,,,,,,,,,,,,false,,,,,,,,,,,
,,NBOT_CITY_D,UKEY,,,,,,,,,,,,,,,,12,,,0,6,2,,,false,1,,,,,,,,,,,,,,,,,,,,,,false,,,,,,,,,,,
,,NBOT_CITY_S,,,0,u,,6,,,,false,,,false,false,,,,,,,,,,,,,,,,,,,,,,,,,,,,,,,,false,-1,,false,0,false,,false,,,1,0,,
,,NBOT_CITY_S,CITY,0,,,,,,,,,,,,,,,12,,,1,1,2,,,false,,,,,,,,,,,,,,,,,,,,,,,false,,,,,,,,,,,
,,NBOT_CITY_S,DDATE,0,,,,,,,,,,,,,,,91,,,1,5,2,,,false,,,,,,,,,,,,,,,,,,,,,,,false,,,,,,,,,,,
,,NBOT_CITY_S,DIESEL,0,,,,,,,,,,,,,,,12,,,1,3,2,,,false,,,,,,,,,,,,,,,,,,,,,,,false,,,,,,,,,,,
,,NBOT_CITY_S,KEROSENE,0,,,,,,,,,,,,,,,12,,,1,4,2,,,false,,,,,,,,,,,,,,,,,,,,,,,false,,,,,,,,,,,
,,NBOT_CITY_S,PETROL,0,,,,,,,,,,,,,,,12,,,1,2,2,,,false,,,,,,,,,,,,,,,,,,,,,,,false,,,,,,,,,,,
,,NBOT_CITY_S,UKEY,,,,,,,,,,,,,,,,12,,,0,6,2,,,false,1,,,,,,,,,,,,,,,,,,,,,,false,,,,,,,,,,,
,,NBOT_KTM_D,,,0,u,,11,,,,false,,,false,false,,,,,,,,,,,,,,,,,,,,,,,,,,,,,,,,false,-1,,false,0,false,,false,,,1,0,,
,,NBOT_KTM_D,AIR,0,,,,,,,,,,,,,,,12,,,1,8,2,,,false,,,,,,,,,,,,,,,,,,,,,,,false,,,,,,,,,,,
,,NBOT_KTM_D,DDATE,,,,,,,,,,,,,,,,91,,,0,7,2,,,false,1,,,,,,,,,,,,,,,,,,,,,,false,,,,,,,,,,,
,,NBOT_KTM_D,MAXTEMP_D,0,,,,,,,,,,,,,,,12,,,1,2,2,,,false,,,,,,,,,,,,,,,,,,,,,,,false,,,,,,,,,,,
,,NBOT_KTM_D,MAXTEMP_N,0,,,,,,,,,,,,,,,12,,,1,5,2,,,false,,,,,,,,,,,,,,,,,,,,,,,false,,,,,,,,,,,
,,NBOT_KTM_D,RAINPROB_D,0,,,,,,,,,,,,,,,12,,,1,3,2,,,false,,,,,,,,,,,,,,,,,,,,,,,false,,,,,,,,,,,
,,NBOT_KTM_D,RAINPROB_N,0,,,,,,,,,,,,,,,12,,,1,6,2,,,false,,,,,,,,,,,,,,,,,,,,,,,false,,,,,,,,,,,
,,NBOT_KTM_D,R_HUMIDITY,0,,,,,,,,,,,,,,,12,,,1,9,2,,,false,,,,,,,,,,,,,,,,,,,,,,,false,,,,,,,,,,,
,,NBOT_KTM_D,SUNRISE,0,,,,,,,,,,,,,,,12,,,1,10,2,,,false,,,,,,,,,,,,,,,,,,,,,,,false,,,,,,,,,,,
,,NBOT_KTM_D,SUNSET,0,,,,,,,,,,,,,,,12,,,1,11,2,,,false,,,,,,,,,,,,,,,,,,,,,,,false,,,,,,,,,,,
,,NBOT_KTM_D,WEATHER_D,0,,,,,,,,,,,,,,,12,,,1,1,2,,,false,,,,,,,,,,,,,,,,,,,,,,,false,,,,,,,,,,,
,,NBOT_KTM_D,WEATHER_N,0,,,,,,,,,,,,,,,12,,,1,4,2,,,false,,,,,,,,,,,,,,,,,,,,,,,false,,,,,,,,,,,
,,NBOT_KTM_S,,,0,u,,7,,,,false,,,false,false,,,,,,,,,,,,,,,,,,,,,,,,,,,,,,,,false,-1,,false,0,false,,false,,,1,0,,
,,NBOT_KTM_S,AVIATION,0,,,,,,,,,,,,,,,12,,,1,4,2,,,false,,,,,,,,,,,,,,,,,,,,,,,false,,,,,,,,,,,
,,NBOT_KTM_S,DDATE,0,,,,,,,,,,,,,,,91,,,1,6,2,,,false,,,,,,,,,,,,,,,,,,,,,,,false,,,,,,,,,,,
,,NBOT_KTM_S,DIESEL,0,,,,,,,,,,,,,,,12,,,1,2,2,,,false,,,,,,,,,,,,,,,,,,,,,,,false,,,,,,,,,,,
,,NBOT_KTM_S,KEROSENE,0,,,,,,,,,,,,,,,12,,,1,3,2,,,false,,,,,,,,,,,,,,,,,,,,,,,false,,,,,,,,,,,
,,NBOT_KTM_S,LPG,0,,,,,,,,,,,,,,,12,,,1,5,2,,,false,,,,,,,,,,,,,,,,,,,,,,,false,,,,,,,,,,,
,,NBOT_KTM_S,PETROL,0,,,,,,,,,,,,,,,12,,,1,1,2,,,false,,,,,,,,,,,,,,,,,,,,,,,false,,,,,,,,,,,
,,NBOT_KTM_S,UKEY,,,,,,,,,,,,,,,,12,,,0,7,2,,,false,1,,,,,,,,,,,,,,,,,,,,,,false,,,,,,,,,,,
,,TEMP_BM_FEATURES,,,0,u,,9,5,,,false,,,false,false,,,,,,,,,,,,,,,,,,,,,,,,,,,,,,,,false,-1,,false,0,false,,false,,,1,0,,
,,TEMP_BM_FEATURES,ADMSITE_CODE,0,,,,,,,,,,,,,,,12,,,1,1,2,,,false,,,,,,,,,,,,,,,,,,,,,,,false,,,,,,,,,,,
,,TEMP_BM_FEATURES,DATETIME,0,,,,,,,,,,,,,,,91,,,1,2,2,,,false,,,,,,,,,,,,,,,,,,,,,,,false,,,,,,,,,,,
,,TEMP_BM_FEATURES,DAY_OF_WEEK,0,,,,,,,,,,,,,,,12,,,1,5,2,,,false,,,,,,,,,,,,,,,,,,,,,,,false,,,,,,,,,,,
,,TEMP_BM_FEATURES,HOLIDAY_BOOLEAN,0,,,,,,,,,,,,,,,4,,,1,7,2,,,false,,,,,,,,,,,,,,,,,,,,,,,false,,,,,,,,,,,
,,TEMP_BM_FEATURES,ID,,,,,,,,,,,,,,,,12,,,0,3,2,,,false,1,,,,,,,,,,,,,,,,,,,,,,false,,,,,,,,,,,
,,TEMP_BM_FEATURES,IMPORTANCE,0,,,,,,,,,,,,,,,4,,,1,6,2,,,false,,,,,,,,,,,,,,,,,,,,,,,false,,,,,,,,,,,
,,TEMP_BM_FEATURES,SEASON,0,,,,,,,,,,,,,,,12,,,1,8,2,,,false,,,,,,,,,,,,,,,,,,,,,,,false,,,,,,,,,,,
,,TEMP_BM_FEATURES,WEATHER_STATUS,0,,,,,,,,,,,,,,,12,,,1,4,2,,,false,,,,,,,,,,,,,,,,,,,,,,,false,,,,,,,,,,,
,,TESTUSER,,,0,u,,2,,,,false,,,false,false,,,,,,,,,,,,,,,,,,,,,,,,,,,,,,,,false,-1,,false,0,false,,false,,,1,0,,
,,TESTUSER,ID,,,,,,,,,,,,,,,,12,,,0,1,2,,,false,1,,,,,,,,,,,,,,,,,,,,,,false,,,,,,,,,,,
,,TESTUSER,NAME,0,,,,,,,,,,,,,,,12,,,1,2,2,,,false,,,,,,,,,,,,,,,,,,,,,,,false,,,,,,,,,,,
,,TOKYOWEATHERFORECAST,,,0,u,,5,10,,,false,,,false,false,,,,,,,,,,,,,,,,,,,,,,,,,,,,,,,,false,-1,,false,0,false,,false,,,1,0,,
,,TOKYOWEATHERFORECAST,DATETIME,0,,,,,,,,,,,,,,,93,,,1,2,2,,,false,,,,,,,,,,,,,,,,,,,,,,,false,,,,,,,,,,,
,,TOKYOWEATHERFORECAST,ID,,,,,,,,,,,,,,,,12,,,0,1,2,,,false,1,,,,,,,,,,,,,,,,,,,,,,false,,,,,,,,,,,
,,TOKYOWEATHERFORECAST,RECEPTION_TIME,0,,,,,,,,,,,,,,,93,,,1,4,2,,,false,,,,,,,,,,,,,,,,,,,,,,,false,,,,,,,,,,,
,,TOKYOWEATHERFORECAST,WEATHER_STATUS,0,,,,,,,,,,,,,,,12,,,1,3,2,,,false,,,,,,,,,,,,,,,,,,,,,,,false,,,,,,,,,,,
,,TOKYOWEATHER,,,0,u,,6,10,,,false,,,false,false,,,,,,,,,,,,,,,,,,,,,,,,,,,,,,,,false,-1,,false,0,false,,false,,,1,0,,
,,TOKYOWEATHER,DATETIME,0,,,,,,,,,,,,,,,93,,,1,2,2,,,false,,,,,,,,,,,,,,,,,,,,,,,false,,,,,,,,,,,
,,TOKYOWEATHER,ID,,,,,,,,,,,,,,,,12,,,0,1,2,,,false,1,,,,,,,,,,,,,,,,,,,,,,false,,,,,,,,,,,
,,TOKYOWEATHER,RECEPTION_TIME,0,,,,,,,,,,,,,,,93,,,1,5,2,,,false,,,,,,,,,,,,,,,,,,,,,,,false,,,,,,,,,,,
,,TOKYOWEATHER,WEATHER_DESCRIPTION,0,,,,,,,,,,,,,,,12,,,1,4,2,,,false,,,,,,,,,,,,,,,,,,,,,,,false,,,,,,,,,,,
,,TOKYOWEATHER,WEATHER_STATUS,0,,,,,,,,,,,,,,,12,,,1,3,2,,,false,,,,,,,,,,,,,,,,,,,,,,,false,,,,,,,,,,,
,,TSUKASA_MAIN,,,0,u,,20,4,,,false,,,false,false,,,,,,,,,,,,,,,,,,,,,,,,,,,,,,,,false,-1,,false,0,false,,false,,,1,0,,
,,TSUKASA_MAIN,CATEGORYCODE,0,,,,,,,,,,,,,,,12,,,1,8,2,,,false,,,,,,,,,,,,,,,,,,,,,,,false,,,,,,,,,,,
,,TSUKASA_MAIN,CATEGORYNAME,0,,,,,,,,,,,,,,,12,,,1,9,2,,,false,,,,,,,,,,,,,,,,,,,,,,,false,,,,,,,,,,,
,,TSUKASA_MAIN,DAYOFWEEK,0,,,,,,,,,,,,,,,12,,,1,14,2,,,false,,,,,,,,,,,,,,,,,,,,,,,false,,,,,,,,,,,
,,TSUKASA_MAIN,DISPLAYORDER,0,,,,,,,,,,,,,,,12,,,1,7,2,,,false,,,,,,,,,,,,,,,,,,,,,,,false,,,,,,,,,,,
,,TSUKASA_MAIN,HOLIDAY,0,,,,,,,,,,,,,,,12,,,1,10,2,,,false,,,,,,,,,,,,,,,,,,,,,,,false,,,,,,,,,,,
,,TSUKASA_MAIN,HOLIDAYDESCRIPTION,0,,,,,,,,,,,,,,,12,,,1,17,2,,,false,,,,,,,,,,,,,,,,,,,,,,,false,,,,,,,,,,,
,,TSUKASA_MAIN,ID,,,,,,,,,,,,,,,,12,,,0,1,2,,,false,1,,,,,,,,,,,,,,,,,,,,,,false,,,,,,,,,,,
,,TSUKASA_MAIN,ORDERDATE,0,,,,,,,,,,,,,,,91,,,1,18,2,,,false,,,,,,,,,,,,,,,,,,,,,,,false,,,,,,,,,,,
,,TSUKASA_MAIN,PRODUCTCODE,0,,,,,,,,,,,,,,,12,,,1,2,2,,,false,,,,,,,,,,,,,,,,,,,,,,,false,,,,,,,,,,,
,,TSUKASA_MAIN,PRODUCTNAME,0,,,,,,,,,,,,,,,12,,,1,3,2,,,false,,,,,,,,,,,,,,,,,,,,,,,false,,,,,,,,,,,
,,TSUKASA_MAIN,QUANTITY,0,,,,,,,,,,,,,,,8,,,1,4,2,,,false,,,,,,,,,,,,,,,,,,,,,,,false,,,,,,,,,,,
,,TSUKASA_MAIN,RANK,0,,,,,,,,,,,,,,,12,,,1,6,2,,,false,,,,,,,,,,,,,,,,,,,,,,,false,,,,,,,,,,,
,,TSUKASA_MAIN,SEASON,0,,,,,,,,,,,,,,,12,,,1,15,2,,,false,,,,,,,,,,,,,,,,,,,,,,,false,,,,,,,,,,,
,,TSUKASA_MAIN,STORECLOSED,0,,,,,,,,,,,,,,,12,,,1,16,2,,,false,,,,,,,,,,,,,,,,,,,,,,,false,,,,,,,,,,,
,,TSUKASA_MAIN,UNIT,0,,,,,,,,,,,,,,,12,,,1,5,2,,,false,,,,,,,,,,,,,,,,,,,,,,,false,,,,,,,,,,,
,,TSUKASA_MAIN,UPDATED_AT,0,,,,,,,,,,,,,,,93,,,1,19,2,,,false,,,,,,,,,,,,,,,,,,,,,,,false,,,,,,,,,,,
,,TSUKASA_MAIN,WEATHER,0,,,,,,,,,,,,,,,12,,,1,12,2,,,false,,,,,,,,,,,,,,,,,,,,,,,false,,,,,,,,,,,
,,TSUKASA_MAIN,WEATHERDETAIL,0,,,,,,,,,,,,,,,12,,,1,13,2,,,false,,,,,,,,,,,,,,,,,,,,,,,false,,,,,,,,,,,
,,TSUKASA_MAIN,WEEKEND,0,,,,,,,,,,,,,,,12,,,1,11,2,,,false,,,,,,,,,,,,,,,,,,,,,,,false,,,,,,,,,,,
,,TSUKASA_MAIN_TEST,,,0,u,,20,4,,,false,,,false,false,,,,,,,,,,,,,,,,,,,,,,,,,,,,,,,,false,-1,,false,0,false,,false,,,1,0,,
,,TSUKASA_MAIN_TEST,CATEGORYCODE,0,,,,,,,,,,,,,,,12,,,1,8,2,,,false,,,,,,,,,,,,,,,,,,,,,,,false,,,,,,,,,,,
,,TSUKASA_MAIN_TEST,CATEGORYNAME,0,,,,,,,,,,,,,,,12,,,1,9,2,,,false,,,,,,,,,,,,,,,,,,,,,,,false,,,,,,,,,,,
,,TSUKASA_MAIN_TEST,DAYOFWEEK,0,,,,,,,,,,,,,,,12,,,1,14,2,,,false,,,,,,,,,,,,,,,,,,,,,,,false,,,,,,,,,,,
,,TSUKASA_MAIN_TEST,DISPLAYORDER,0,,,,,,,,,,,,,,,12,,,1,7,2,,,false,,,,,,,,,,,,,,,,,,,,,,,false,,,,,,,,,,,
,,TSUKASA_MAIN_TEST,HOLIDAY,0,,,,,,,,,,,,,,,12,,,1,10,2,,,false,,,,,,,,,,,,,,,,,,,,,,,false,,,,,,,,,,,
,,TSUKASA_MAIN_TEST,HOLIDAYDESCRIPTION,0,,,,,,,,,,,,,,,12,,,1,17,2,,,false,,,,,,,,,,,,,,,,,,,,,,,false,,,,,,,,,,,
,,TSUKASA_MAIN_TEST,ID,,,,,,,,,,,,,,,,12,,,0,1,2,,,false,1,,,,,,,,,,,,,,,,,,,,,,false,,,,,,,,,,,
,,TSUKASA_MAIN_TEST,ORDERDATE,0,,,,,,,,,,,,,,,91,,,1,18,2,,,false,,,,,,,,,,,,,,,,,,,,,,,false,,,,,,,,,,,
,,TSUKASA_MAIN_TEST,PRODUCTCODE,0,,,,,,,,,,,,,,,12,,,1,2,2,,,false,,,,,,,,,,,,,,,,,,,,,,,false,,,,,,,,,,,
,,TSUKASA_MAIN_TEST,PRODUCTNAME,0,,,,,,,,,,,,,,,12,,,1,3,2,,,false,,,,,,,,,,,,,,,,,,,,,,,false,,,,,,,,,,,
,,TSUKASA_MAIN_TEST,QUANTITY,0,,,,,,,,,,,,,,,8,,,1,4,2,,,false,,,,,,,,,,,,,,,,,,,,,,,false,,,,,,,,,,,
,,TSUKASA_MAIN_TEST,RANK,0,,,,,,,,,,,,,,,12,,,1,6,2,,,false,,,,,,,,,,,,,,,,,,,,,,,false,,,,,,,,,,,
,,TSUKASA_MAIN_TEST,SEASON,0,,,,,,,,,,,,,,,12,,,1,15,2,,,false,,,,,,,,,,,,,,,,,,,,,,,false,,,,,,,,,,,
,,TSUKASA_MAIN_TEST,STORECLOSED,0,,,,,,,,,,,,,,,12,,,1,16,2,,,false,,,,,,,,,,,,,,,,,,,,,,,false,,,,,,,,,,,
,,TSUKASA_MAIN_TEST,UNIT,0,,,,,,,,,,,,,,,12,,,1,5,2,,,false,,,,,,,,,,,,,,,,,,,,,,,false,,,,,,,,,,,
,,TSUKASA_MAIN_TEST,UPDATED_AT,0,,,,,,,,,,,,,,,93,,,1,19,2,,,false,,,,,,,,,,,,,,,,,,,,,,,false,,,,,,,,,,,
,,TSUKASA_MAIN_TEST,WEATHER,0,,,,,,,,,,,,,,,12,,,1,12,2,,,false,,,,,,,,,,,,,,,,,,,,,,,false,,,,,,,,,,,
,,TSUKASA_MAIN_TEST,WEATHERDETAIL,0,,,,,,,,,,,,,,,12,,,1,13,2,,,false,,,,,,,,,,,,,,,,,,,,,,,false,,,,,,,,,,,
,,TSUKASA_MAIN_TEST,WEEKEND,0,,,,,,,,,,,,,,,12,,,1,11,2,,,false,,,,,,,,,,,,,,,,,,,,,,,false,,,,,,,,,,,
,,TSUKASA_PRODUCT,,,0,u,,10,10,,,false,,,false,false,,,,,,,,,,,,,,,,,,,,,,,,,,,,,,,,false,-1,,false,0,false,,false,,,1,0,,
,,TSUKASA_PRODUCT,CATEGORYCODE,0,,,,,,,,,,,,,,,12,,,1,7,2,,,false,,,,,,,,,,,,,,,,,,,,,,,false,,,,,,,,,,,
,,TSUKASA_PRODUCT,CATEGORYNAME,0,,,,,,,,,,,,,,,12,,,1,8,2,,,false,,,,,,,,,,,,,,,,,,,,,,,false,,,,,,,,,,,
,,TSUKASA_PRODUCT,CREATED_AT,0,,,,,,,,,,,,,,,91,,,1,9,2,,,false,,,,,,,,,,,,,,,,,,,,,,,false,,,,,,,,,,,
,,TSUKASA_PRODUCT,DISPLAYORDER,0,,,,,,,,,,,,,,,12,,,1,6,2,,,false,,,,,,,,,,,,,,,,,,,,,,,false,,,,,,,,,,,
,,TSUKASA_PRODUCT,ID,,,,,,,,,,,,,,,,12,,,0,1,2,,,false,1,,,,,,,,,,,,,,,,,,,,,,false,,,,,,,,,,,
,,TSUKASA_PRODUCT,PRODUCTCODE,0,,,,,,,,,,,,,,,12,,,1,2,2,,,false,,,,,,,,,,,,,,,,,,,,,,,false,,,,,,,,,,,
,,TSUKASA_PRODUCT,PRODUCTNAME,0,,,,,,,,,,,,,,,12,,,1,3,2,,,false,,,,,,,,,,,,,,,,,,,,,,,false,,,,,,,,,,,
,,TSUKASA_PRODUCT,RANK,0,,,,,,,,,,,,,,,12,,,1,5,2,,,false,,,,,,,,,,,,,,,,,,,,,,,false,,,,,,,,,,,
,,TSUKASA_PRODUCT,UNIT,0,,,,,,,,,,,,,,,12,,,1,4,2,,,false,,,,,,,,,,,,,,,,,,,,,,,false,,,,,,,,,,,
,,TSUKASA_RAW,,,0,u,,12,10,,,false,,,false,false,,,,,,,,,,,,,,,,,,,,,,,,,,,,,,,,false,-1,,false,0,false,,false,,,1,0,,
,,TSUKASA_RAW,DISPLAYORDER,0,,,,,,,,,,,,,,,12,,,1,8,2,,,false,,,,,,,,,,,,,,,,,,,,,,,false,,,,,,,,,,,
,,TSUKASA_RAW,ID,,,,,,,,,,,,,,,,12,,,0,1,2,,,false,1,,,,,,,,,,,,,,,,,,,,,,false,,,,,,,,,,,
,,TSUKASA_RAW,ORDERDATE,0,,,,,,,,,,,,,,,91,,,1,2,2,,,false,,,,,,,,,,,,,,,,,,,,,,,false,,,,,,,,,,,
,,TSUKASA_RAW,ORDERPERSONNAME,0,,,,,,,,,,,,,,,12,,,1,11,2,,,false,,,,,,,,,,,,,,,,,,,,,,,false,,,,,,,,,,,
,,TSUKASA_RAW,PRODUCTCODE,0,,,,,,,,,,,,,,,12,,,1,3,2,,,false,,,,,,,,,,,,,,,,,,,,,,,false,,,,,,,,,,,
,,TSUKASA_RAW,PRODUCTNAME,0,,,,,,,,,,,,,,,12,,,1,4,2,,,false,,,,,,,,,,,,,,,,,,,,,,,false,,,,,,,,,,,
,,TSUKASA_RAW,QUANTITY,0,,,,,,,,,,,,,,,8,,,1,5,2,,,false,,,,,,,,,,,,,,,,,,,,,,,false,,,,,,,,,,,
,,TSUKASA_RAW,RANK,0,,,,,,,,,,,,,,,12,,,1,7,2,,,false,,,,,,,,,,,,,,,,,,,,,,,false,,,,,,,,,,,
,,TSUKASA_RAW,SUPPLIERCODE,0,,,,,,,,,,,,,,,12,,,1,9,2,,,false,,,,,,,,,,,,,,,,,,,,,,,false,,,,,,,,,,,
,,TSUKASA_RAW,SUPPLIERNAME,0,,,,,,,,,,,,,,,12,,,1,10,2,,,false,,,,,,,,,,,,,,,,,,,,,,,false,,,,,,,,,,,
,,TSUKASA_RAW,UNIT,0,,,,,,,,,,,,,,,12,,,1,6,2,,,false,,,,,,,,,,,,,,,,,,,,,,,false,,,,,,,,,,,
,,TSUKASA,,,0,u,,19,10,,,false,,,false,false,,,,,,,,,,,,,,,,,,,,,,,,,,,,,,,,false,-1,,false,0,false,,false,,,1,0,,
,,TSUKASA,CATEGORY_CODE,0,,,,,,,,,,,,,,,12,,,1,9,2,,,false,,,,,,,,,,,,,,,,,,,,,,,false,,,,,,,,,,,
,,TSUKASA,CATEGORY_NAME,0,,,,,,,,,,,,,,,12,,,1,10,2,,,false,,,,,,,,,,,,,,,,,,,,,,,false,,,,,,,,,,,
,,TSUKASA,DAY_OF_WEEK,0,,,,,,,,,,,,,,,12,,,1,14,2,,,false,,,,,,,,,,,,,,,,,,,,,,,false,,,,,,,,,,,
,,TSUKASA,DISPLAY_ORDER,0,,,,,,,,,,,,,,,12,,,1,8,2,,,false,,,,,,,,,,,,,,,,,,,,,,,false,,,,,,,,,,,
,,TSUKASA,HOLIDAY,0,,,,,,,,,,,,,,,12,,,1,11,2,,,false,,,,,,,,,,,,,,,,,,,,,,,false,,,,,,,,,,,
,,TSUKASA,HOLIDAY_DESCRIPTION,0,,,,,,,,,,,,,,,12,,,1,18,2,,,false,,,,,,,,,,,,,,,,,,,,,,,false,,,,,,,,,,,
,,TSUKASA,ORDER_DATE,0,,,,,,,,,,,,,,,91,,,1,15,2,,,false,,,,,,,,,,,,,,,,,,,,,,,false,,,,,,,,,,,
,,TSUKASA,PRODUCT_CODE,0,,,,,,,,,,,,,,,12,,,1,3,2,,,false,,,,,,,,,,,,,,,,,,,,,,,false,,,,,,,,,,,
,,TSUKASA,PRODUCT_NAME,0,,,,,,,,,,,,,,,12,,,1,4,2,,,false,,,,,,,,,,,,,,,,,,,,,,,false,,,,,,,,,,,
,,TSUKASA,P_KEY,,,,,,,,,,,,,,,,12,,,0,1,2,,,false,1,,,,,,,,,,,,,,,,,,,,,,false,,,,,,,,,,,
,,TSUKASA,QUANTITY,0,,,,,,,,,,,,,,,6,,,1,2,2,,,false,,,,,,,,,,,,,,,,,,,,,,,false,,,,,,,,,,,
,,TSUKASA,RANK,0,,,,,,,,,,,,,,,12,,,1,7,2,,,false,,,,,,,,,,,,,,,,,,,,,,,false,,,,,,,,,,,
,,TSUKASA,SEASON,0,,,,,,,,,,,,,,,12,,,1,16,2,,,false,,,,,,,,,,,,,,,,,,,,,,,false,,,,,,,,,,,
,,TSUKASA,STORE_CLOSED,0,,,,,,,,,,,,,,,12,,,1,17,2,,,false,,,,,,,,,,,,,,,,,,,,,,,false,,,,,,,,,,,
,,TSUKASA,UNIT,0,,,,,,,,,,,,,,,12,,,1,5,2,,,false,,,,,,,,,,,,,,,,,,,,,,,false,,,,,,,,,,,
,,TSUKASA,WEATHER,0,,,,,,,,,,,,,,,12,,,1,13,2,,,false,,,,,,,,,,,,,,,,,,,,,,,false,,,,,,,,,,,
,,TSUKASA,WEATHER_DETAIL,0,,,,,,,,,,,,,,,12,,,1,6,2,,,false,,,,,,,,,,,,,,,,,,,,,,,false,,,,,,,,,,,
,,TSUKASA,WEEKEND,0,,,,,,,,,,,,,,,12,,,1,12,2,,,false,,,,,,,,,,,,,,,,,,,,,,,false,,,,,,,,,,,
,,USERINFO,,,0,u,,8,,,,false,,,false,false,,,,,,,,,,,,,,,,,,,,,,,,,,,,,,,,false,-1,,false,0,false,,false,,,1,0,,
,,USERINFO,CREATED_AT,0,,,,,,,,,,,,,,,93,,,1,2,2,,,false,,,,,,,,,,,,,,,,,,,,,,,false,,,,,,,,,,,
,,USERINFO,EMAIL,0,,,,,,,,,,,,,,,12,,,1,3,2,,,false,,,,,,,,,,,,,,,,,,,,,,,false,,,,,,,,,,,
,,USERINFO,FIRST_NAME,0,,,,,,,,,,,,,,,12,,,1,4,2,,,false,,,,,,,,,,,,,,,,,,,,,,,false,,,,,,,,,,,
,,USERINFO,LAST_NAME,0,,,,,,,,,,,,,,,12,,,1,5,2,,,false,,,,,,,,,,,,,,,,,,,,,,,false,,,,,,,,,,,
,,USERINFO,POSITION,0,,,,,,,,,,,,,,,12,,,1,8,2,,,false,,,,,,,,,,,,,,,,,,,,,,,false,,,,,,,,,,,
,,USERINFO,ROLES,0,,,,,,,,,,,,,,,12,,,1,6,2,,,false,,,,,,,,,,,,,,,,,,,,,,,false,,,,,,,,,,,
,,USERINFO,USERID,,,,,,,,,,,,,,,,12,,,0,1,2,,,false,1,,,,,,,,,,,,,,,,,,,,,,false,,,,,,,,,,,
,,USERINFO,USERNAME,0,,,,,,,,,,,,,,,12,,,1,7,2,,,false,,,,,,,,,,,,,,,,,,,,,,,false,,,,,,,,,,,
,,WOW_STAGE,,,0,u,,9,10,,,false,,,false,false,,,,,,,,,,,,,,,,,,,,,,,,,,,,,,,,false,-1,,false,0,false,,false,,,1,0,,
,,WOW_STAGE,BYTES_SENT,0,,,,,,,,,,,,,,,4,,,1,4,2,,,false,,,,,,,,,,,,,,,,,,,,,,,false,,,,,,,,,,,
,,WOW_STAGE,CREATED_AT,0,,,,,,,,,,,,,,,93,,,1,8,2,,,false,,,,,,,,,,,,,,,,,,,,,,,false,,,,,,,,,,,
,,WOW_STAGE,DELTA,0,,,,,,,,,,,,,,,4,,,1,5,2,,,false,,,,,,,,,,,,,,,,,,,,,,,false,,,,,,,,,,,
,,WOW_STAGE,ID,0,,,,,,,,,,,,,,,12,,,1,3,2,,,false,,,,,,,,,,,,,,,,,,,,,,,false,,,,,,,,,,,
,,WOW_STAGE,IP,0,,,,,,,,,,,,,,,12,,,1,6,2,,,false,,,,,,,,,,,,,,,,,,,,,,,false,,,,,,,,,,,
,,WOW_STAGE,NAME,0,,,,,,,,,,,,,,,12,,,1,2,2,,,false,,,,,,,,,,,,,,,,,,,,,,,false,,,,,,,,,,,
,,WOW_STAGE,SESSIONID,0,,,,,,,,,,,,,,,12,,,1,7,2,,,false,,,,,,,,,,,,,,,,,,,,,,,false,,,,,,,,,,,
,,WOW_STAGE,W_ID,,,,,,,,,,,,,,,,12,,,0,1,2,,,false,1,,,,,,,,,,,,,,,,,,,,,,false,,,,,,,,,,,
